q,label,parity,p_star,pred_re,pred_im,meas_re,meas_im,rel_resid,raw_rel,c2_norm,B_re,B_im
3,chi_3#1,1,2,0.405922388367,0.994073292095,0.405872870137,0.993982281824,9.64925e-05,0.00860237,0.449588,0.971736073895,-0.201086480632
4,chi_4#1,1,3,0.148162426523,1.42079388009,0.148130643615,1.42050579334,0.000202895,0.00821694,0.448003,0.986976826016,0.0788453721965
5,chi_5#1,1,2,0.24329755165,1.34832440363,0.243432387972,1.34762276926,0.000521475,0.0070281,0.556341,0.759705070346,0.00387376526195
5,chi_5#2,0,2,0.499239265501,1.59312248585,0.499342668857,1.59241439123,0.00042863,0.00684997,0.480863,0.919075976737,-0.110874121577
5,chi_5#3,1,2,0.481704611546,2.33099296521,0.481800956438,2.33024813154,0.00031553,0.00763182,0.360849,1.319568776,-0.0266077389789
7,chi_7#1,1,2,0.599117611952,2.26116972745,0.599692499191,2.25981260497,0.000630074,0.00467595,0.481183,0.923850434411,-0.0697769119639
7,chi_7#2,0,2,0.90984652682,3.08025353016,0.910393535479,3.07884429654,0.00047066,0.00479911,0.380853,1.26528173748,-0.131542586934
7,chi_7#3,1,2,-0.223856617992,2.48831398646,-0.223240053366,2.48690777796,0.000614578,0.0059773,0.464328,0.95278603029,0.267124599999
7,chi_7#4,0,2,0.412100287305,1.87235938518,0.412685934534,1.87100876853,0.000767861,0.00489868,0.575995,0.758918760256,-0.0250688346985
7,chi_7#5,1,2,0.988243081443,2.57627037003,0.988792148529,2.57487338703,0.000543981,0.00434473,0.437305,1.07469506199,-0.198518601384
8,chi_8#1,0,3,0.391376476953,2.82105818169,0.392141477693,2.81951291516,0.000605412,0.00451858,0.470967,0.985996488556,0.0451589550383
8,chi_8#3,1,3,0.790364165069,2.79044621772,0.791118986379,2.78890660763,0.000591227,0.0039397,0.464823,1.000813563,-0.092726825515
9,chi_9#1,1,2,0.197487590834,2.8221899907,0.198456088022,2.8205144515,0.000684074,0.00446232,0.517841,0.865878227066,0.0989289915137
9,chi_9#2,0,2,0.710998201597,2.71087263373,0.711933484153,2.70920857517,0.000681122,0.00378316,0.52225,0.861047042414,-0.062861770842
9,chi_9#4,0,2,1.24112695743,3.50472718925,1.24203831351,3.50300721255,0.000523536,0.00332425,0.427804,1.13130425877,-0.178771497382
9,chi_9#5,1,2,0.270983212379,3.94411545114,0.271930622808,3.94237815293,0.000500539,0.00423027,0.403252,1.20981504457,0.139775266833
11,chi_11#1,1,2,0.25986564934,3.22099716743,0.261207216891,3.2190112555,0.000741643,0.00424879,0.563914,0.810143572304,0.0838378022222
11,chi_11#2,0,2,0.144660198953,3.24610274968,0.145989611425,3.24412816417,0.000732584,0.00438338,0.552292,0.811063005108,0.113541858449
11,chi_11#3,1,2,0.452033467564,3.359219332,0.45333852603,3.35724309735,0.000698707,0.00399302,0.533308,0.8532397291,0.0425785081079
11,chi_11#4,0,2,1.31399595758,3.5181930186,1.31527222721,3.51620882442,0.000628192,0.00295568,0.492345,0.932303016459,-0.163705291383
11,chi_11#5,1,2,1.57878442805,3.46712985885,1.5800477185,3.46513249484,0.000620353,0.00274235,0.495558,0.931835118492,-0.231671601097
11,chi_11#6,0,2,1.66275060427,3.60778083914,1.66401957125,3.60576464883,0.000599694,0.00264977,0.484832,0.970553580313,-0.246006041105
11,chi_11#7,1,2,1.15144267983,4.52950800424,1.15273074764,4.52746598292,0.000516591,0.00309513,0.421285,1.17543260746,-0.0768815739499
11,chi_11#8,0,2,0.255943494716,4.9848844119,0.257255237359,4.9828285311,0.000488578,0.00367403,0.397975,1.24706590602,0.165985978861
11,chi_11#9,1,2,0.235731901739,5.00988120186,0.237059519874,5.00783570129,0.000486215,0.00360597,0.391806,1.25233011249,0.172144926998
12,chi_12#3,0,5,0.823135612402,4.18724853303,0.824623059881,4.18508459144,0.000615332,0.00338949,0.48512,0.985883591675,-0.0103364487569
13,chi_13#1,1,2,-0.0975556069001,4.67689055386,-0.0958451818792,4.67458376994,0.000613891,0.0038919,0.473436,0.976863078245,0.202578643041
13,chi_13#2,0,2,0.319530872603,3.65983433629,0.32122904291,3.65755497474,0.000773706,0.00429978,0.583384,0.77984598937,0.0755176989814
13,chi_13#3,1,2,0.910388313679,3.70136065239,0.912057247427,3.69908511553,0.000740344,0.00368281,0.56406,0.811561928322,-0.0467576750124
13,chi_13#4,0,2,0.730181214884,4.09585650354,0.731836225917,4.09356871054,0.000678694,0.00367247,0.52182,0.887263345118,0.00639067108212
13,chi_13#5,1,2,1.14109940871,3.72832243761,1.14274064333,3.7260313525,0.000722815,0.00354716,0.558386,0.826199470211,-0.0940838290765
13,chi_13#6,0,2,2.05075169568,3.9673375407,2.05237505975,3.96502663717,0.000632354,0.00257585,0.5039,0.91173954722,-0.27551447884
13,chi_13#7,1,2,1.58850661162,4.89354068911,1.59013913097,4.89120008358,0.000554663,0.0028264,0.449798,1.08794781691,-0.142522478953
13,chi_13#8,0,2,1.38813209542,5.03085278444,1.38978025231,5.02850284393,0.000549988,0.00293099,0.446539,1.1089369668,-0.0951603795336
13,chi_13#9,1,2,1.78829503147,5.8205084081,1.78995218446,5.81814691015,0.000473791,0.00253688,0.390466,1.29009667109,-0.148317530601
13,chi_13#10,0,2,0.368874292027,6.13128693805,0.370562732067,6.12892036057,0.000473294,0.00322798,0.385664,1.29998777539,0.16141216189
13,chi_13#11,1,2,-0.105162423232,4.81273385432,-0.103450954673,4.81039281665,0.000602409,0.0039354,0.475727,1.00505082064,0.209463537354
15,chi_15#5,0,2,1.47167175873,6.68484943451,1.47370586437,6.68217218238,0.000491215,0.00271962,0.40206,1.26447030784,-0.0418330012473
15,chi_15#6,1,2,-0.141552786178,5.40611700164,-0.139468144955,5.40348847764,0.000620349,0.00387485,0.483973,0.977648351583,0.208174122464
15,chi_15#7,0,2,0.740030407985,4.39093487496,0.742065898461,4.38835177713,0.000738562,0.00393527,0.559983,0.822917027029,0.0137073074654
16,chi_16#1,0,3,0.937012311226,5.09905638907,0.939233646696,5.09627891423,0.000685996,0.00373825,0.53474,0.898357685769,0.00169605537944
16,chi_16#3,0,3,1.0422206821,6.30083168281,1.0444383827,6.29804123499,0.000558116,0.00309198,0.44212,1.10642930147,0.0217956947194
16,chi_16#5,1,3,1.05891048607,6.08651831226,1.061129021,6.0837287006,0.00057693,0.00316535,0.456316,1.07044543136,0.0121715159365
16,chi_16#7,1,3,1.15569642255,5.35543688492,1.15791632314,5.35265879782,0.000649072,0.00342754,0.507103,0.948955540027,-0.0274487300356
17,chi_17#1,1,2,0.831220262969,7.22192501126,0.833657069786,7.21895093473,0.000528899,0.00306681,0.426862,1.18275506213,0.0817752650562
17,chi_17#2,0,2,2.2541472494,7.98696638375,2.25654624816,7.98397198336,0.000462332,0.00238938,0.380719,1.34779848469,-0.12360282954
17,chi_17#3,1,2,2.78990617308,7.09276311195,2.79227064541,7.08978123825,0.000499304,0.00235284,0.407868,1.22037114525,-0.236137295621
17,chi_17#4,0,2,2.14353349032,5.77432728332,2.14588583879,5.77138030543,0.000612192,0.0029953,0.485756,0.989718026812,-0.171755350818
17,chi_17#5,1,2,1.41015340315,5.41034423454,1.41251919665,5.40743212451,0.000671064,0.00347664,0.517781,0.909516098974,-0.0650000561397
17,chi_17#6,0,2,0.475457704498,5.50113893572,0.477858626956,5.49824480073,0.000681025,0.00385763,0.517091,0.896240837955,0.0875778454884
17,chi_17#7,1,2,-0.256030861689,5.32687806659,-0.253589856167,5.3239769458,0.000710936,0.00435594,0.540278,0.846516319858,0.199679473172
17,chi_17#8,0,2,-0.499468392262,5.99756832656,-0.49700715298,5.99463464997,0.000636286,0.00406257,0.494118,0.946809244628,0.258685673876
17,chi_17#9,1,2,-0.25385273743,7.1757810135,-0.251404049463,7.17280856833,0.000536354,0.00347689,0.428513,1.14304430664,0.254387658537
17,chi_17#10,0,2,1.19683398013,6.96276637854,1.19924509772,6.95977932868,0.000543356,0.00306706,0.440015,1.15208756605,0.015433440121
17,chi_17#11,1,2,2.19619710582,5.838577579,2.19856896923,5.83560746491,0.000609327,0.0029944,0.4893,1.00158850776,-0.178286447236
17,chi_17#12,0,2,2.12051194041,5.19273897196,2.12286550514,5.18980301788,0.000670858,0.003239,0.52592,0.895777457099,-0.185382740818
17,chi_17#13,1,2,1.50684299287,4.68338610023,1.50920694513,4.68048509251,0.000760638,0.00386305,0.580519,0.795830953946,-0.10215146543
17,chi_17#14,0,2,1.07565189063,4.54829191383,1.07804608446,4.54540884117,0.000801833,0.00421406,0.604747,0.761329022907,-0.0370348391712
17,chi_17#15,1,2,0.675982422452,5.41775917361,0.678411241912,5.41486350492,0.000692232,0.0037951,0.527826,0.888842587136,0.0529417058179
19,chi_19#1,1,2,-0.200057599279,6.15496140115,-0.197237529607,6.15174754209,0.00069431,0.00423494,0.530274,0.877703279505,0.192693606981
19,chi_19#2,0,2,-0.266907189018,6.24806631206,-0.264096146282,6.2448589998,0.000681963,0.00416687,0.519275,0.889279626471,0.204764988787
19,chi_19#3,1,2,0.829998063382,6.43414216165,0.832781994448,6.43094144369,0.000653883,0.00360694,0.499274,0.945201156403,0.0523531089071
19,chi_19#4,0,2,1.14241495651,5.44870803114,1.1451792644,5.44551981319,0.000757965,0.00406948,0.57137,0.812147912779,-0.0187241648101
19,chi_19#5,1,2,0.854952970778,5.11811830881,0.857708776165,5.11492634691,0.000812675,0.0045191,0.609856,0.757060113145,0.0137089442739
19,chi_19#6,0,2,1.22870673975,5.88068250357,1.23144448485,5.87747171654,0.000702356,0.00380646,0.536155,0.876421122635,-0.0195947155148
19,chi_19#7,1,2,2.0865963514,5.70998229641,2.08931409693,5.70676115019,0.000693253,0.00349556,0.534518,0.874788777009,-0.147221641158
19,chi_19#8,0,2,1.90171654605,5.26336836345,1.90443334824,5.26013761991,0.000754276,0.0039281,0.581229,0.805788522477,-0.132597018646
19,chi_19#9,1,2,1.82977415258,6.23571284597,1.83249614923,6.23245649483,0.000653089,0.00346232,0.511839,0.943371003889,-0.0963686485911
19,chi_19#10,0,2,2.80208082223,7.33009585028,2.80479945195,7.32681610929,0.000542854,0.00266168,0.436102,1.12628481031,-0.206703936961
19,chi_19#11,1,2,3.31252558535,6.74066287769,3.31525120958,6.73737745121,0.000568375,0.00263019,0.45861,1.05532087561,-0.295640665897
19,chi_19#12,0,2,2.47772038595,7.23161513689,2.4804709028,7.22832113351,0.000561381,0.00284259,0.45279,1.10351386676,-0.162792838667
19,chi_19#13,1,2,1.82192173262,8.72293406848,1.82469206142,8.71962507673,0.000484288,0.00267548,0.395617,1.29999584696,-0.028972902868
19,chi_19#14,0,2,2.22577539713,8.63454294492,2.22855604551,8.63123771755,0.000484402,0.00255114,0.396771,1.29807486332,-0.0892676405015
19,chi_19#15,1,2,1.13284892144,7.6722876444,1.13565103909,7.66900111794,0.000556888,0.00317168,0.447692,1.13090323893,0.0418929969918
19,chi_19#16,0,2,-0.463379450399,7.52910134104,-0.46055366575,7.52582527866,0.000573537,0.00371103,0.455472,1.06783104464,0.267083988937
19,chi_19#17,1,2,-0.486693499296,7.85159666482,-0.483865944562,7.84833117082,0.000549095,0.00354108,0.435702,1.11347729127,0.279021306012
20,chi_20#5,0,3,1.39496601161,7.66536228065,1.3979185603,7.66195346801,0.000578818,0.00320154,0.456225,1.08004881555,0.00389817020744
20,chi_20#6,1,3,2.00083270016,7.05488129882,2.00377900306,7.05147938261,0.000613711,0.00320763,0.482026,1.01217965674,-0.0941298812245
20,chi_20#7,0,3,1.29687052872,6.62245744284,1.29982378699,6.61906133966,0.000666926,0.00369896,0.518353,0.935424589995,-0.00912970582762
21,chi_21#7,0,2,0.882227212854,8.96268013915,0.885405275992,8.95907699228,0.000533473,0.00316558,0.429962,1.1846539753,0.101541403812
21,chi_21#8,1,2,0.337235421721,6.39309180655,0.340389520081,6.38959309847,0.000735796,0.00431717,0.555482,0.837974811368,0.110339809153
21,chi_21#9,0,2,2.56222055407,6.83394847363,2.56529928856,6.83037930774,0.000645826,0.0033553,0.506515,0.94883579885,-0.167843463982
21,chi_21#10,1,2,0.784534868165,9.4851019434,0.787712351144,9.48149744993,0.000504868,0.00302123,0.407585,1.25011111541,0.126815890309
21,chi_21#11,0,2,0.605736637814,6.58986025141,0.60888943272,6.58636137388,0.000711704,0.00407722,0.538176,0.869988617012,0.0802307977651
23,chi_23#1,1,2,0.0617924667332,6.96362094281,0.0653404073279,6.95981196289,0.000747484,0.00452147,0.565101,0.826661831414,0.145946921466
23,chi_23#2,0,2,-0.104761233819,6.97487614181,-0.101241232855,6.97107362257,0.000742819,0.00452909,0.558743,0.824329883004,0.165933958823
23,chi_23#3,1,2,1.32787937608,7.17776878456,1.33135464166,7.17395551452,0.000706797,0.00397645,0.536009,0.87990857656,0.00060856006588
23,chi_23#4,0,2,2.12980855952,6.35727168974,2.13325385031,6.35344435677,0.000768077,0.00418156,0.582886,0.80031697333,-0.112492287965
23,chi_23#5,1,2,1.96511863309,6.63810169379,1.96856299413,6.63424250549,0.000747192,0.00417466,0.573655,0.829975023641,-0.0867927566008
23,chi_23#6,0,2,2.78997540025,8.27517409764,2.79342815509,8.27127055252,0.000596764,0.00320885,0.473166,1.04214981498,-0.148519425532
23,chi_23#7,1,2,4.08948223489,8.90026207226,4.09295033773,8.89633478917,0.000534915,0.00266445,0.43325,1.14483519339,-0.288773735683
23,chi_23#8,0,2,2.91720019365,8.91546041056,2.92070750819,8.91153525174,0.000561143,0.00301255,0.452748,1.120834341,-0.149504825741
23,chi_23#9,1,2,0.678662936984,9.66464637133,0.682215663002,9.66073089611,0.000545706,0.00331756,0.437923,1.16035446431,0.132287758158
23,chi_23#10,0,2,-0.0164939782142,9.89605216225,-0.0129244338354,9.8921594354,0.000533704,0.00333576,0.426121,1.17247928854,0.219768377685
23,chi_23#11,1,2,0.610673119357,8.35618444097,0.614234296532,8.35233705878,0.000625717,0.00370308,0.487372,1.0037840855,0.11154621083
23,chi_23#12,0,2,0.21431284035,7.01894706853,0.217859839072,7.01513850262,0.000741141,0.00443797,0.560611,0.836575868645,0.129088525266
23,chi_23#13,1,2,0.227776012161,7.19556516868,0.231294633694,7.19176279247,0.000719613,0.00428319,0.542019,0.857804298029,0.131380312092
23,chi_23#14,0,2,1.72941281015,7.49504859525,1.73288646264,7.49123525747,0.000670604,0.00365427,0.509529,0.926349178864,-0.0399962740168
23,chi_23#15,1,2,2.5712295966,6.44287963347,2.57467341076,6.43905224374,0.000742204,0.00391215,0.564291,0.820178642437,-0.162923580601
23,chi_23#16,0,2,2.36537494675,6.78463211381,2.36881806197,6.78077265005,0.000719831,0.00390466,0.55362,0.856150950401,-0.131004450635
23,chi_23#17,1,2,2.82182868334,8.47352810607,2.82528071288,8.46962383413,0.000583528,0.00312988,0.463325,1.06635907031,-0.147928753928
23,chi_23#18,0,2,4.06962296616,9.23075862616,4.07309066898,9.22683018372,0.000519427,0.00258837,0.421266,1.18356727782,-0.279145812847
23,chi_23#19,1,2,2.64338239512,9.5353386555,2.64688958129,9.53141181878,0.000532091,0.00290347,0.429909,1.18827317385,-0.10340937356
23,chi_23#20,0,2,0.20506174132,10.1562954161,0.208614606619,10.1523782034,0.000520598,0.00325633,0.418284,1.20819879971,0.199238432186
23,chi_23#21,1,2,-0.34819293123,10.4455239775,-0.34462315466,10.4416297291,0.000505471,0.00321722,0.403999,1.23029984734,0.271174027381
24,chi_24#3,1,5,1.44396891732,8.61314987585,1.44765660223,8.60912881151,0.000624732,0.00360414,0.48722,1.00872212802,0.017674562091
24,chi_24#7,0,5,1.34068946813,8.55023347096,1.34437742232,8.54621234214,0.000630435,0.00366268,0.491533,0.999397728587,0.0280777367953
25,chi_25#1,1,2,-0.698638088539,9.15084900575,-0.694704299302,9.14671192213,0.000622042,0.00393836,0.47903,0.983614837367,0.261474544693
25,chi_25#2,0,2,0.00665308492464,7.53788600274,0.0105664769972,7.53377667402,0.000752812,0.004602,0.567484,0.822027275413,0.151911770391
25,chi_25#3,1,2,1.16237728043,7.94895120606,1.16626265988,7.94484143391,0.000704009,0.00405232,0.533902,0.890250371673,0.0342213099083
25,chi_25#4,0,2,0.356323627973,7.87934682659,0.360199295303,7.8752391638,0.000716009,0.0042817,0.539188,0.866339014469,0.120699837009
25,chi_25#6,0,2,2.06803405096,7.68214372087,2.07185855829,7.67802000039,0.000706949,0.0039158,0.536043,0.879497995981,-0.0699295489861
25,chi_25#7,1,2,1.46044890919,7.50356528524,1.46427017574,7.49942952199,0.000736603,0.00423799,0.557527,0.847723520407,-0.00729766600142
25,chi_25#8,0,2,2.62009029631,6.89710300478,2.62389258332,6.89295567351,0.000762608,0.00417954,0.579235,0.805079942128,-0.146019493259
25,chi_25#9,1,2,3.3470297031,8.18266795028,3.35082775562,8.1784876046,0.000638867,0.0033947,0.496953,0.959971412299,-0.19924941301
25,chi_25#11,1,2,3.70055776605,7.72595306531,3.70436714215,7.72174358618,0.000662728,0.00353831,0.521309,0.917332264684,-0.247044479008
25,chi_25#12,0,2,4.21243441669,9.81431965791,4.21626062241,9.81008209356,0.000534577,0.00276861,0.430237,1.15540224433,-0.26056885472
25,chi_25#13,1,2,2.74966424965,9.69073638741,2.75351804059,9.68649701163,0.000568754,0.00319372,0.455595,1.11230723123,-0.103578352828
25,chi_25#14,0,2,3.58853071281,9.80286088604,3.59239394361,9.79861820187,0.00054967,0.00296218,0.443938,1.14151920249,-0.192773616869
25,chi_25#16,0,2,0.956416052362,10.6760102172,0.960333960183,10.6717803973,0.000537892,0.0032667,0.431535,1.18342436691,0.111899404374
25,chi_25#17,1,2,1.5426789293,10.807586548,1.54660119905,10.8033693559,0.000527542,0.00309346,0.423478,1.20964221154,0.0506406307133
25,chi_25#18,0,2,-0.358807747864,11.0624911527,-0.354864196274,11.0582863794,0.000520829,0.00332728,0.415967,1.19893186331,0.263130666356
25,chi_25#19,1,2,-0.382076532623,8.93724955088,-0.378128972012,8.93308129191,0.000641767,0.0040694,0.499836,0.966735206172,0.222633043751
27,chi_27#1,1,2,0.0488609667603,8.94962694998,0.0531582318847,8.94519460667,0.000689795,0.00426178,0.527341,0.90445460449,0.162867088849
27,chi_27#2,0,2,0.563133376306,8.63617409528,0.567408260623,8.63175806489,0.000710174,0.00426564,0.538067,0.8824512509,0.105070008509
27,chi_27#4,0,2,0.778230849966,7.99200161332,0.782455437359,7.9875918301,0.00076052,0.00453505,0.570072,0.821449683089,0.0712763102256
27,chi_27#5,1,2,1.51269557378,7.80810742671,1.51689544803,7.8036884991,0.000766523,0.00444787,0.57522,0.816654813821,-0.00632185089827
27,chi_27#7,1,2,2.31991672308,8.25590637661,2.32408508885,8.25144686343,0.000711817,0.00404372,0.541963,0.876998703459,-0.079421513805
27,chi_27#8,0,2,2.89819244857,8.19394428692,2.90235666543,8.18946074774,0.000704036,0.00395141,0.541365,0.881585435076,-0.138964958307
27,chi_27#10,0,2,3.96980042615,9.3009918476,3.97397995234,9.29646006564,0.000609612,0.00331784,0.481662,1.0134429878,-0.226396140968
27,chi_27#11,1,2,3.66187777407,9.99157174055,3.66607761852,9.98702263001,0.000581816,0.00323259,0.464411,1.07738935061,-0.182360866581
27,chi_27#13,1,2,3.35478398382,11.5760237958,3.35903371075,11.5714636971,0.00051719,0.00289823,0.418412,1.23159500496,-0.121649718882
27,chi_27#14,0,2,1.80458664064,12.2513174593,1.80886304881,12.2467646248,0.000504403,0.00300864,0.4077,1.27070621005,0.0475168014367
27,chi_27#16,0,2,0.437328753748,11.3123303321,0.44164055132,11.3078198189,0.00055119,0.00342065,0.438148,1.15027248702,0.167947305339
27,chi_27#17,1,2,0.090397532295,10.8974221256,0.0947136623969,10.8929381676,0.0005711,0.00355359,0.448866,1.1018793419,0.195193593309
28,chi_28#7,0,3,1.45004464609,9.47526862194,1.45446923913,9.47063649696,0.000668269,0.00399015,0.515946,0.94865829746,0.0301450407439
28,chi_28#8,1,3,2.34039653995,9.42697860847,2.3448134498,9.42234556133,0.000659015,0.00380515,0.510317,0.960054492758,-0.0574060839057
28,chi_28#9,0,3,2.92436754871,9.70366988414,2.92878214878,9.69903064704,0.000631885,0.00357252,0.492682,0.997549160224,-0.109254654215
28,chi_28#10,1,3,2.29298203779,10.3519972781,2.29740206219,10.3473524493,0.00060472,0.00350367,0.47338,1.04925020231,-0.0360660401
28,chi_28#11,0,3,1.18009125515,10.4846413446,1.18451909944,10.4799972718,0.000608163,0.00367559,0.474662,1.04204264085,0.0746749205921
29,chi_29#1,1,2,0.0108612974045,11.2011310926,0.0155330240999,11.1963785411,0.000594959,0.00369584,0.460666,1.05304655727,0.194509663998
29,chi_29#2,0,2,-0.305584540299,10.217540539,-0.300918414071,10.212805589,0.00065033,0.00407645,0.497548,0.955069398744,0.207084302366
29,chi_29#3,1,2,-0.391759742809,8.99928403252,-0.387107758292,8.99456774141,0.000735421,0.00462134,0.553996,0.839054353742,0.193918110836
29,chi_29#4,0,2,0.334108048028,8.24783229515,0.338736364586,8.24312625449,0.000799629,0.00490397,0.597344,0.781092185737,0.112572152117
29,chi_29#5,1,2,1.22251074775,8.685870971,1.22711376094,8.68116204469,0.000750724,0.00444356,0.562751,0.837774136546,0.0367127587935
29,chi_29#6,0,2,1.85762586811,9.10783464521,1.86221129649,9.10311677054,0.000707784,0.00409339,0.533823,0.888523637891,-0.015619328761
29,chi_29#7,1,2,1.71417826154,9.25583400678,1.71875381495,9.25110893365,0.000698739,0.0040632,0.527323,0.899930857684,0.000447638945524
29,chi_29#8,0,2,0.885420510861,8.5782972052,0.889987246143,8.57356865734,0.000762274,0.00459977,0.571568,0.821778320112,0.0665199129389
29,chi_29#9,1,2,1.39071817603,8.03991428491,1.39526923029,8.03518045028,0.000804808,0.00478529,0.601311,0.779993338243,0.00962597236527
29,chi_29#10,0,2,2.34198382833,8.1570904078,2.34651654163,8.1523421754,0.000773497,0.00446101,0.581515,0.80761297922,-0.0777433422769
29,chi_29#11,1,2,3.50863005682,8.32292531529,3.51315144639,8.31815530395,0.000727655,0.00406049,0.554231,0.843566084717,-0.184508078361
29,chi_29#12,0,2,3.88228478906,9.2127231817,3.88680716998,9.20792969071,0.000659187,0.00363696,0.508395,0.933725801013,-0.204097376269
29,chi_29#13,1,2,2.90430220769,9.53552700192,2.90883406865,9.53071625181,0.000663038,0.00382578,0.513707,0.9469959563,-0.106536355417
29,chi_29#14,0,2,2.7976099792,9.55756894563,2.80214869635,9.55274758681,0.000664912,0.00386154,0.515853,0.947205347717,-0.0961229848157
29,chi_29#15,1,2,3.51285392915,9.27453178074,3.51739483743,9.26970021725,0.000668567,0.00380737,0.520886,0.933086631993,-0.168293552576
29,chi_29#16,0,2,4.78600927183,9.13029463309,4.79055369831,9.12544820239,0.000644485,0.00353966,0.507873,0.941753588456,-0.290482394389
29,chi_29#17,1,2,5.08300977903,10.3958614022,5.08756771928,10.3909962404,0.000576105,0.00313362,0.460679,1.06589582455,-0.296306989095
29,chi_29#18,0,2,4.23035541344,11.8891597208,4.23493678478,11.8842816126,0.000530309,0.00297428,0.427939,1.19137507428,-0.190093736518
29,chi_29#19,1,2,2.94749546871,12.9649635427,2.95210119925,12.9600842528,0.000504649,0.00294958,0.407444,1.27010187307,-0.0507309748064
29,chi_29#20,0,2,2.63909359187,12.2191185122,2.64371684571,12.214247983,0.000537194,0.0031706,0.431433,1.19461216396,-0.0347622703309
29,chi_29#21,1,2,3.17451648916,11.6808187005,3.17915015704,11.6759564223,0.000554884,0.00321041,0.444991,1.15336086975,-0.0944863991907
29,chi_29#22,0,2,2.74932004508,12.1952363133,2.75396569035,12.19037676,0.000537775,0.00316042,0.432994,1.19429149123,-0.0455399665724
29,chi_29#23,1,2,2.09526492539,13.5327333047,2.09992757604,13.5278772984,0.00049161,0.00293216,0.397517,1.30859291568,0.0392861136099
29,chi_29#24,0,2,0.226953302099,13.9659079437,0.231635200677,13.961065176,0.000482248,0.00304983,0.388112,1.31669556894,0.222460809509
29,chi_29#25,1,2,-0.41079394378,12.1212766325,-0.406100191273,12.1164595913,0.00055455,0.00357283,0.439632,1.13217563222,0.250205757467
29,chi_29#26,0,2,-0.205310580491,10.7487414515,-0.200617704927,10.7439509823,0.000623782,0.00397535,0.487256,1.00675035827,0.206931807509
29,chi_29#27,1,2,0.0455141252723,9.97036378988,0.0501987136177,9.96559130633,0.000670726,0.00424225,0.520208,0.937964765848,0.169767777588
31,chi_31#1,1,2,3.51452796959,14.1967537293,3.51955182786,14.191581126,0.000493033,0.002861,0.398646,1.30573250759,-0.0772026791568
31,chi_31#2,0,2,5.60446236272,11.0303656629,5.60938475049,11.0251860189,0.000577533,0.00318868,0.460916,1.06143655333,-0.312680920289
31,chi_31#3,1,2,3.54985045114,9.6006583956,3.55473598842,9.59556861505,0.000689249,0.0039318,0.52741,0.902168408871,-0.155363375088
31,chi_31#4,0,2,1.77927016435,9.96605416034,1.78422964737,9.96103173729,0.000697221,0.00410453,0.526299,0.905384385105,0.00629311258171
31,chi_31#5,1,2,0.158076954948,11.8194780937,0.16313009479,11.8144059786,0.000605696,0.00380705,0.471451,1.04188421105,0.179113454769
31,chi_31#6,0,2,1.8600183281,15.0101522431,1.8650502886,15.0049745269,0.000477361,0.00292241,0.386923,1.35023742175,0.0815634928206
31,chi_31#7,1,2,5.05656428645,12.2584357241,5.06149310701,12.2532519702,0.000539421,0.00300981,0.431961,1.16047518959,-0.244448977563
31,chi_31#8,0,2,2.87644432644,9.81979236864,2.88133724279,9.81470212372,0.000690017,0.00401766,0.527711,0.910440361354,-0.0925713760592
31,chi_31#9,1,2,0.322011695546,10.2218488639,0.326980118578,10.2168264098,0.000690796,0.00424968,0.520451,0.904079570574,0.138608988935
31,chi_31#10,0,2,-0.802095746641,12.3173984017,-0.797035650404,12.3123273337,0.000580372,0.00373316,0.45126,1.06998729571,0.271673840735
31,chi_31#11,1,2,1.06431297677,14.4195055475,1.06935191923,14.4143322923,0.000499473,0.00313202,0.402853,1.28530709798,0.141885621977
31,chi_31#12,0,2,3.50491106935,12.1643551056,3.50984715011,12.1591754492,0.000565199,0.00331326,0.449877,1.12686388514,-0.109546344976
31,chi_31#13,1,2,2.51668664606,9.87436681879,2.52158332702,9.8692816592,0.000692783,0.00405619,0.527359,0.909364284572,-0.0600461867652
31,chi_31#14,0,2,0.34189514468,9.32861702142,0.346866325392,9.32360281044,0.000756389,0.00465678,0.565365,0.825861177743,0.122274036008
31,chi_31#15,1,2,-1.18400140479,11.1420925246,-1.17893839566,11.1370293527,0.000639036,0.00417219,0.492703,0.960404488772,0.286062450916
31,chi_31#16,0,2,1.37596321148,13.7063430726,1.38100176668,13.7011774311,0.00052384,0.00324402,0.41987,1.22768703342,0.10283577102
31,chi_31#17,1,2,3.63143476954,10.6376055507,3.63636970685,10.6324350892,0.000635881,0.00373066,0.501823,0.994680864558,-0.14560373422
31,chi_31#18,0,2,2.2061009848,8.94024620864,2.21099611204,8.93516806297,0.000765969,0.00454469,0.578509,0.822153889841,-0.0479902590649
31,chi_31#19,1,2,0.795843690514,8.89879845343,0.800809781426,8.89378997722,0.000789445,0.00478951,0.587343,0.795479675663,0.0753387380106
31,chi_31#20,0,2,-0.379150088994,10.0234021089,-0.374093038778,10.0183457545,0.000712946,0.00457269,0.546418,0.875179828265,0.197022441719
31,chi_31#21,1,2,1.29960267095,12.7645970196,1.30463598919,12.7594355443,0.00056189,0.00350645,0.448383,1.14363104509,0.0941714407155
31,chi_31#22,0,2,4.28681048263,10.5308511848,4.29173762163,10.5256827801,0.00062803,0.00360401,0.495439,0.995996165295,-0.204975123275
31,chi_31#23,1,2,2.82835184645,8.34176856969,2.83323943635,8.33669245794,0.00080001,0.00467682,0.60352,0.779690361398,-0.112478829948
31,chi_31#24,0,2,0.999756381211,8.82963197941,1.0047159627,8.82462231296,0.000793312,0.00479276,0.590653,0.792727690111,0.0562789214353
31,chi_31#25,1,2,0.371680055081,10.785408866,0.376728565391,10.7803490699,0.000662322,0.0041338,0.510045,0.954445258428,0.143444579262
31,chi_31#26,0,2,2.56040002381,12.8427442294,2.56542562682,12.8375802117,0.000550252,0.0033073,0.440774,1.17109159499,-0.0154160341437
31,chi_31#27,1,2,4.86044193183,10.9291385351,4.86536373751,10.92396505,0.000596987,0.00336437,0.4734,1.04038557877,-0.248911241192
31,chi_31#28,0,2,3.8761114317,8.92793002878,3.88099320847,8.92284740607,0.000724062,0.00408623,0.550827,0.848342365564,-0.195037675385
31,chi_31#29,1,2,1.90000102528,8.98176292347,1.90495678607,8.97674753325,0.000768016,0.0045256,0.57557,0.820805865099,-0.0203965004561
32,chi_32#1,0,3,1.07336194505,12.0590357824,1.0785272112,12.0537754165,0.000608947,0.0037723,0.473464,1.04421131328,0.0993387280311
32,chi_32#3,0,3,2.93479235155,11.5796772076,2.93994605791,11.5744148059,0.000616594,0.00363738,0.481174,1.03282531476,-0.0668077943046
32,chi_32#5,0,3,2.85247070338,10.805473539,2.85762068371,10.8002210091,0.000658221,0.00388678,0.509234,0.965573620295,-0.072043090231
32,chi_32#7,0,3,1.46689193846,10.8441075911,1.47205341961,10.8388578351,0.000672778,0.00412508,0.518292,0.946945033688,0.0465965497227
32,chi_32#9,1,3,2.42621844248,10.4685319598,2.43136982733,10.4632797137,0.00068461,0.00410852,0.528832,0.930128532262,-0.0410637745252
32,chi_32#11,1,3,1.6182791213,10.5641232885,1.62344051822,10.5588745875,0.000688787,0.00421164,0.530075,0.925489903177,0.0292715647166
32,chi_32#13,1,3,1.7443543516,11.9711078952,1.74951832942,11.9658478683,0.000609314,0.0037015,0.474173,1.04733626921,0.0407902411968
32,chi_32#15,1,3,2.61791800084,12.4380100232,2.62307163189,12.4327459186,0.000579588,0.00343011,0.453066,1.10092822646,-0.0262366777889
33,chi_33#11,0,2,4.6058823339,12.1881525719,4.61117793679,12.1826611565,0.000585509,0.00340397,0.464608,1.07742417353,-0.193484744861
33,chi_33#12,1,2,3.86454931529,13.5943218566,3.86990110521,13.5888185565,0.00054316,0.00323031,0.436517,1.18220448309,-0.110677807516
33,chi_33#13,0,2,2.40279545966,15.1200624979,2.40820002435,15.1145815555,0.000502777,0.00306287,0.4044,1.28581009996,0.0334717402643
33,chi_33#14,1,2,0.031714686671,13.4214835307,0.0371502411055,13.4160550577,0.000572367,0.00368671,0.452263,1.10913041876,0.203271307977
33,chi_33#15,0,2,-0.0550772861178,11.8483711998,-0.0496509811578,11.8430023051,0.000644256,0.00410171,0.497565,0.977856474524,0.186308332502
33,chi_33#16,1,2,0.0959366442334,11.046033211,0.1013217432,11.0407047158,0.00068581,0.00428717,0.519283,0.913898216372,0.161526060736
33,chi_33#17,0,2,1.22993486537,9.7181872984,1.23526314392,9.71286897208,0.000768529,0.00466465,0.574502,0.82161123244,0.0474856309566
33,chi_33#18,1,2,2.21852851558,9.79960065634,2.22380593338,9.79425584783,0.000747562,0.00443172,0.560452,0.843501582177,-0.0329254533644
33,chi_33#19,0,2,2.84314480407,9.94477665883,2.84839713063,9.93938271829,0.000727889,0.00430932,0.552461,0.865075305238,-0.0822930664398
35,chi_35#7,0,2,5.70358787016,11.6862584321,5.70923356432,11.6804598715,0.000622358,0.00360889,0.490761,0.992645533135,-0.275179347482
35,chi_35#8,1,2,1.09359533652,14.8680975317,1.09939943495,14.8623654508,0.000547178,0.00344586,0.433303,1.1737756618,0.129877901712
35,chi_35#9,0,2,1.61472262282,11.2251156747,1.62038982349,11.2194751569,0.000705055,0.00427699,0.530302,0.897590207157,0.03660003027
35,chi_35#10,1,2,4.24658885745,13.1329292956,4.2522508236,13.1271271666,0.000587356,0.00350215,0.4643,1.0842414848,-0.140780884065
35,chi_35#11,0,2,-0.721372037922,13.4198613248,-0.715556560493,13.4141426906,0.00060689,0.00398704,0.474787,1.03473269241,0.250284288919
35,chi_35#13,1,2,0.881123481608,14.4162076375,0.886917791376,14.4104404764,0.000566029,0.0036202,0.449115,1.13550839182,0.13988959773
35,chi_35#14,0,2,1.31989222814,10.0289884068,1.32559894656,10.0233726678,0.000791505,0.00484377,0.590212,0.800168976935,0.042261470053
35,chi_35#15,1,2,5.29813923403,10.964535697,5.30375317386,10.9587710161,0.000660777,0.00382395,0.51333,0.930571945087,-0.25404103307
35,chi_35#16,0,2,2.04271740512,16.6709914355,2.04850825339,16.6652070674,0.000487323,0.00302754,0.392652,1.32791668077,0.0820350350673
35,chi_35#17,1,2,0.272433867225,11.5232110105,0.278153807656,11.5175847407,0.000696075,0.00434889,0.524095,0.901391875066,0.145451842145
35,chi_35#19,0,2,-0.757676724208,11.9239426692,-0.751905569597,11.91830589,0.000675192,0.00434167,0.512521,0.917702357672,0.231475087093
35,chi_35#20,1,2,2.79685604648,10.1398181088,2.80247368684,10.1341108395,0.000761343,0.00458549,0.575739,0.830163149226,-0.0711644987805
35,chi_35#21,0,2,3.35202547377,14.2670353909,3.35777514528,14.2612339392,0.00055733,0.00339848,0.445281,1.15962921058,-0.0547069455332
35,chi_35#22,1,2,0.903751263287,11.1809638127,0.909505445711,11.1753295918,0.000717924,0.00445897,0.54368,0.883868213235,0.0913333420855
35,chi_35#23,0,2,4.46999417886,10.751001473,4.47560115125,10.7452817835,0.000687915,0.00399448,0.526502,0.901963325157,-0.19263190672
36,chi_36#7,0,5,2.34776294287,13.2619060344,2.35365575657,13.2560312911,0.000617824,0.00378288,0.478622,1.0371882489,0.00871994881478
36,chi_36#8,1,5,2.76124747785,12.885184344,2.76713983391,12.8793103311,0.000631375,0.00383839,0.488955,1.01447781845,-0.0278860262548
36,chi_36#10,1,5,2.39546088514,12.5294830256,2.40135401956,12.5236096521,0.000652236,0.00400908,0.504415,0.982400881583,-0.00519103702806
36,chi_36#11,0,5,2.25262949481,12.4712856017,2.25852315318,12.4654120485,0.000656563,0.0040512,0.507665,0.97598574933,0.00480559173244
37,chi_37#1,1,2,0.146405925778,12.1819188067,0.152562879735,12.1759651182,0.000703018,0.00448657,0.535062,0.899472144317,0.155886768351
37,chi_37#2,0,2,-0.951200781761,12.3087021163,-0.945044684045,12.3027543508,0.000693375,0.00452109,0.527544,0.893795114984,0.238484540057
37,chi_37#3,1,2,0.357154206511,13.3080612979,0.363285146311,13.3021135355,0.000641629,0.00404846,0.490003,0.985321017993,0.155768337871
37,chi_37#4,0,2,1.29714021613,11.1903509907,1.30324627932,11.1844232549,0.000755429,0.00468584,0.568182,0.842165468677,0.0575430018204
37,chi_37#5,1,2,-0.193958126432,10.649300193,-0.18785618641,10.6433827622,0.00079804,0.00508977,0.594748,0.781903870803,0.159992880858
37,chi_37#6,0,2,0.0561819156514,12.5628053259,0.062268224961,12.556875214,0.000676404,0.00426142,0.509334,0.926298456872,0.167745054871
37,chi_37#7,1,2,2.16556665685,11.5004042596,2.17162107138,11.4944730874,0.000724249,0.0043861,0.543797,0.876889578448,-0.00219375942605
37,chi_37#8,0,2,1.43750533035,10.2833760875,1.44354485459,10.2774531471,0.000814682,0.00500602,0.60375,0.777267085951,0.0347927759237
37,chi_37#9,1,2,1.16775058196,11.2115810302,1.17378547116,11.2056465744,0.000750863,0.00462548,0.559252,0.841959225949,0.0673658926714
37,chi_37#10,0,2,2.54786312964,11.4853836726,2.55387764113,11.4794285688,0.000719438,0.00433502,0.540954,0.881013552654,-0.0305639012844
37,chi_37#11,1,2,2.95984801802,10.3794390619,2.96584011862,10.373478705,0.000783056,0.00470176,0.585641,0.805172926965,-0.0760472597042
37,chi_37#12,0,2,2.4403058787,10.1816467427,2.44629599488,10.1756810911,0.000807452,0.00489506,0.601413,0.783492760178,-0.0404776274761
37,chi_37#13,1,2,2.18048316558,11.2338540518,2.18647340692,11.2278622395,0.000740384,0.00453823,0.558162,0.857456319929,-0.0069396274383
37,chi_37#14,0,2,3.92847893934,11.7316493874,3.93445185083,11.7256345703,0.000685153,0.0040646,0.521711,0.918046058363,-0.128907531472
37,chi_37#15,1,2,4.30931488696,10.3397350701,4.31528192253,10.3337162177,0.000756609,0.00447671,0.572481,0.820711229792,-0.176008711177
37,chi_37#16,0,2,3.01129928287,11.0273562917,3.01728117238,11.0213205261,0.000743396,0.0045322,0.56491,0.853610384022,-0.0709729955172
37,chi_37#17,1,2,4.36631535184,13.0189291502,4.37229831695,13.0128620866,0.000620529,0.00368702,0.480792,1.01887328899,-0.143551371528
37,chi_37#18,0,2,5.98955728744,11.3056942869,5.99553398906,11.2996164525,0.000666247,0.00387861,0.517,0.914864640818,-0.286579662958
37,chi_37#19,1,2,4.37474827283,11.2180764257,4.38074178777,11.2119945302,0.000709151,0.00427354,0.547843,0.886315847241,-0.168811881707
37,chi_37#20,0,2,4.38944632369,13.4065901562,4.39546087943,13.4004858993,0.000607472,0.00365562,0.476497,1.04774961408,-0.139951509932
37,chi_37#21,1,2,6.27705618019,13.4684192279,6.28307467153,13.4622963634,0.000577789,0.00337612,0.458834,1.07813094699,-0.27816997704
37,chi_37#22,0,2,5.58497796655,12.7790555674,5.59100644238,12.7729344207,0.000616034,0.00366398,0.487044,1.01787499165,-0.236614900151
37,chi_37#23,1,2,4.39053789978,13.8922013991,4.3965947238,13.8860787326,0.000591121,0.00358529,0.468219,1.08354060806,-0.133387803513
37,chi_37#24,0,2,4.34209396305,15.7480506448,4.34817184035,15.741912542,0.000528787,0.00321694,0.424764,1.21960233562,-0.104427131398
37,chi_37#25,1,2,5.82145170974,16.1706188619,5.82753437043,16.1644798174,0.000502843,0.00295823,0.405639,1.27097442393,-0.207633131427
37,chi_37#26,0,2,4.82501531377,15.0155826138,4.83111727042,15.0094609941,0.000548029,0.00328695,0.43785,1.17224711078,-0.150026635999
37,chi_37#27,1,2,2.36545696411,16.0037450113,2.37159040614,15.9976260421,0.000535541,0.00337609,0.42901,1.21139559184,0.0446945136693
37,chi_37#28,0,2,3.24671399243,18.1942849407,3.25285619741,18.1881623908,0.000469248,0.00288782,0.380047,1.38483487932,0.00974128292504
37,chi_37#29,1,2,3.83319749983,15.6508969978,3.83934264035,15.644796833,0.000537364,0.0032822,0.430698,1.20548209735,-0.0682648530747
37,chi_37#30,0,2,0.63324350393,14.7460659054,0.639412176087,14.7399893669,0.000586661,0.00381392,0.464597,1.09503946132,0.155102982019
37,chi_37#31,1,2,-0.454397191539,16.9179309106,-0.448213222064,16.9118580983,0.000512124,0.00337246,0.408604,1.2401644985,0.264947310504
37,chi_37#32,0,2,1.49098583713,16.3053744986,1.49716228565,16.2993158666,0.000528412,0.0033413,0.420734,1.22165280628,0.113245634061
37,chi_37#33,1,2,0.224968059251,14.1280375429,0.231145100193,14.1220104879,0.000610782,0.00395825,0.477877,1.0439219208,0.176725686853
37,chi_37#34,0,2,-0.953311606026,14.2345914538,-0.947123050757,14.2285836072,0.000604571,0.00398025,0.470558,1.03565078061,0.264990036263
37,chi_37#35,1,2,-0.438505663443,14.8438525214,-0.432322917789,14.8378503498,0.000580255,0.00377254,0.453244,1.0875799636,0.235399038999
39,chi_39#13,0,2,5.4775444047,13.4427483095,5.48393132112,13.4363190232,0.000624314,0.00377192,0.491388,1.01066999552,-0.208356864303
39,chi_39#14,1,2,5.21730608597,15.7617781988,5.22374699453,15.7553303027,0.000548928,0.0033337,0.438705,1.16937865619,-0.160065920686
39,chi_39#15,0,2,4.14213481944,17.3144312639,4.14863138515,17.30799524,0.000513667,0.00316465,0.412883,1.26394394351,-0.0647637587965
39,chi_39#16,1,2,1.83632409957,16.8907874126,1.84286397428,16.8843919638,0.000538379,0.00344005,0.429597,1.20440349701,0.0908998991526
39,chi_39#17,0,2,-0.094126387908,15.3082766369,-0.0875686741911,15.3019380177,0.000595771,0.00391031,0.467692,1.06873732644,0.205285578297
39,chi_39#18,1,2,-0.849864580745,14.128292399,-0.843321568405,14.1220097939,0.000640883,0.00420997,0.493889,0.976453579092,0.242790662538
39,chi_39#19,0,2,0.120714619477,13.2147049928,0.127215057626,13.2084631328,0.000681941,0.00434463,0.516748,0.925197607472,0.163094167104
39,chi_39#20,1,2,1.09400045512,11.9401704298,1.10044519372,11.9339436302,0.000747399,0.00466122,0.559143,0.848748670992,0.0785232754798
39,chi_39#21,0,2,1.70280051994,11.4539897718,1.70919178772,11.4477479437,0.000771474,0.00475936,0.574693,0.822669916982,0.0296609149426
39,chi_39#22,1,2,2.70566095261,11.7122136778,2.71201283553,11.7059316836,0.000743189,0.00452368,0.557104,0.853735732885,-0.0370813363887
39,chi_39#23,0,2,4.14294403377,12.1119931667,4.14927977518,12.1056579323,0.000699927,0.00419799,0.531994,0.90033441251,-0.132349753202
40,chi_40#5,1,3,2.59900377307,15.6126863363,2.60563631031,15.6061861022,0.000586746,0.00365363,0.456662,1.09684725315,0.0204777821766
40,chi_40#6,0,3,3.63493561124,14.0861825848,3.64155597869,14.0796871394,0.000637541,0.00391806,0.493776,1.00593148243,-0.0694368425936
40,chi_40#7,1,3,2.74739618052,12.9901502241,2.75402091944,12.9836672836,0.000698103,0.00435109,0.535368,0.92000782622,-0.0228250710935
40,chi_40#13,0,3,2.55685821435,12.9546408329,2.56348302031,12.9481578666,0.000701965,0.00439261,0.5383,0.91517655757,-0.0102899184895
40,chi_40#14,1,3,1.57559664844,14.1636968501,1.58223370887,14.1572092765,0.000651258,0.00413155,0.501804,0.985151177427,0.0718815356953
40,chi_40#15,0,3,2.53183747332,15.5980928101,2.53847003653,15.5915925624,0.000587687,0.00366474,0.457385,1.09500270534,0.0248702576385
41,chi_41#1,1,2,5.56599119326,17.0608416032,5.57279727024,17.0540773234,0.000534706,0.0032683,0.427483,1.20300888918,-0.159400308577
41,chi_41#2,0,2,2.38856776588,11.004002846,2.39529118492,10.9974414877,0.000834302,0.0051436,0.618063,0.761089712257,-0.0229350390438
41,chi_41#3,1,2,1.10233651892,17.10281397,1.10926058778,17.0961834184,0.000559379,0.00358779,0.439379,1.15068596699,0.137882617851
41,chi_41#4,0,2,4.53612290959,14.7374149543,4.54289547886,14.7306688166,0.000619933,0.00385475,0.487851,1.03582064936,-0.119617549317
41,chi_41#5,1,2,2.91220163178,11.6938154211,2.91894653815,11.6872709856,0.000779858,0.00474527,0.579588,0.813417075072,-0.049231449416
41,chi_41#6,0,2,0.360868014536,17.941736872,0.367802536315,17.9350700617,0.000536041,0.00350675,0.425199,1.19730646663,0.197537231995
41,chi_41#7,1,2,4.89609906774,13.4333067783,4.90283633198,13.4265850057,0.000665628,0.00408284,0.516813,0.953562106423,-0.15965247924
41,chi_41#8,0,2,2.58150335401,11.969942377,2.58828210085,11.9634055742,0.000769045,0.00472405,0.574633,0.82769210618,-0.023835695014
41,chi_41#9,1,2,-0.290543991925,18.9217773893,-0.283614212326,18.915078523,0.000509316,0.00337934,0.406597,1.25442106852,0.25294686925
41,chi_41#10,0,2,5.25087062264,11.8657889024,5.25757877243,11.859096001,0.000730287,0.00443338,0.559877,0.853726589806,-0.202593743474
41,chi_41#11,1,2,1.19716679485,13.4907959331,1.20398786351,13.484256398,0.000697697,0.00437966,0.526009,0.911712960054,0.0869797053529
41,chi_41#12,0,2,1.49243311697,17.9928661249,1.49934044561,17.9861443293,0.000533831,0.00346552,0.426328,1.21467739022,0.122936780416
41,chi_41#13,1,2,4.67281634111,11.4827748016,4.6795089889,11.4761095167,0.000761909,0.00464197,0.579461,0.821124690367,-0.168891120052
41,chi_41#14,0,2,0.248787676798,14.5999396676,0.255650404903,14.5933919821,0.00064958,0.00414512,0.493881,0.973744249674,0.163727165881
41,chi_41#15,1,2,2.76516478124,16.5125275259,2.77203819435,16.5057886132,0.000574936,0.00368331,0.457645,1.13197215753,0.0200416411403
41,chi_41#16,0,2,4.91605485252,12.1511035528,4.9227455164,12.144465597,0.000719019,0.00431726,0.545492,0.868561622597,-0.176810796977
41,chi_41#17,1,2,-1.00969313147,14.107627419,-1.00279351468,14.1010672069,0.00067313,0.00442588,0.51378,0.925474364343,0.241318213128
41,chi_41#18,0,2,4.75729138552,16.1605103601,4.76412227949,16.1537577911,0.000570166,0.00353806,0.45368,1.13316550473,-0.116750684981
41,chi_41#19,1,2,4.26774400149,12.3632135641,4.27444891621,12.3566059411,0.000719747,0.00433736,0.543548,0.874658895053,-0.13108909705
41,chi_41#20,0,2,-1.88296708139,14.5391475085,-1.87604341306,14.532565176,0.000651628,0.00436471,0.500487,0.943381392794,0.304705604959
41,chi_41#21,1,2,6.66623055226,14.8144991354,6.67301922216,14.8077416054,0.000589627,0.00356222,0.468251,1.06724633904,-0.260285320292
41,chi_41#22,0,2,2.16278392444,13.1154015217,2.16951598317,13.1088233866,0.000708094,0.00437946,0.532122,0.898677605458,0.0181458985796
41,chi_41#23,1,2,-0.760383548751,15.2619452764,-0.753452930949,15.2553330984,0.000626852,0.00414003,0.485494,1.00529709099,0.238995486371
41,chi_41#24,0,2,6.68906419428,14.4588659537,6.6958197861,14.4521119012,0.000599627,0.00361495,0.474391,1.04388410856,-0.266194466327
41,chi_41#25,1,2,1.10606573893,13.1480488463,1.11282869826,13.1414984112,0.00071357,0.00446569,0.533717,0.887800688049,0.0888045787576
41,chi_41#26,0,2,0.165150845298,15.3883070224,0.172077059939,15.3816576228,0.000623906,0.00410561,0.487809,1.02512593003,0.179021829447
41,chi_41#27,1,2,6.67524779346,15.1392998046,6.68197856654,15.1325602443,0.000575679,0.00343069,0.453345,1.08895194739,-0.256874464131
41,chi_41#28,0,2,0.476110288531,12.1246880535,0.482905849112,12.1181596623,0.000776605,0.00491688,0.577283,0.811984706931,0.118051374499
41,chi_41#29,1,2,1.79672580541,17.2507779702,1.80363713126,17.2440855426,0.000554687,0.00356856,0.440074,1.16909704039,0.0935432976282
41,chi_41#30,0,2,5.66786427858,14.1330076885,5.67458016313,14.1262977161,0.000623459,0.00375541,0.485053,1.00961060861,-0.202323731772
41,chi_41#31,1,2,-0.117972688154,12.0790498936,-0.111145977078,12.0725282796,0.000781577,0.00500191,0.581253,0.801615232761,0.156985294183
41,chi_41#32,0,2,4.60367872843,18.5021545854,4.61056805493,18.4954244171,0.000505137,0.00311541,0.405773,1.28695231029,-0.077625148224
41,chi_41#33,1,2,3.67730292063,13.5021988853,3.68401271502,13.4955271693,0.000676161,0.00416319,0.517809,0.943093710135,-0.0777705764078
41,chi_41#34,0,2,0.640347145035,12.751934682,0.647200770968,12.7454038592,0.000741462,0.0046966,0.555924,0.855714861278,0.114876850538
41,chi_41#35,1,2,5.12813933751,18.8778604947,5.13500552557,18.8711032399,0.000492462,0.00302779,0.39774,1.31840659744,-0.107854848454
41,chi_41#36,0,2,3.09497551152,12.8124505867,3.10168247404,12.805820491,0.000715493,0.00439485,0.540205,0.890045922375,-0.0475711505123
41,chi_41#37,1,2,0.907507134912,13.2261324103,0.914387942651,13.2195779672,0.000716813,0.00456509,0.543898,0.890540415305,0.102969795506
41,chi_41#38,0,2,5.28013427035,19.350152423,5.2869726113,19.3433821948,0.000479759,0.00293696,0.387467,1.35168348399,-0.112128721844
41,chi_41#39,1,2,2.7992067738,11.2832180389,2.80591733621,11.2766278989,0.000809049,0.00497508,0.602703,0.784723471169,-0.0467887316209
43,chi_43#1,1,2,8.23321706972,16.3972452607,8.24036974168,16.3901648136,0.000548527,0.00328233,0.437923,1.13638894144,-0.32888056155
43,chi_43#2,0,2,3.37224207798,12.4411958477,3.37933270646,12.4343213434,0.00076617,0.00470367,0.573034,0.828377940593,-0.0673058592346
43,chi_43#3,1,2,0.96182887582,18.1483001228,0.969126712443,18.1413476884,0.000554614,0.00360273,0.436878,1.16178736323,0.15268495878
43,chi_43#4,0,2,7.23439255802,15.2147638058,7.24149957285,15.2077014106,0.000594721,0.00359582,0.469117,1.04966960059,-0.279483902282
43,chi_43#5,1,2,2.1782497143,14.0722093233,2.18538887486,14.065359502,0.000694801,0.0043043,0.521262,0.917715044338,0.0275858639358
43,chi_43#6,0,2,2.78981393043,19.9582049207,2.7971071918,19.9511958949,0.000501941,0.00319659,0.40173,1.2980421602,0.0581124154918
43,chi_43#7,1,2,5.98483710766,14.3980720958,5.99191331655,14.3910478183,0.000639454,0.00389402,0.496784,0.983186718283,-0.209886417818
43,chi_43#8,0,2,1.07997337399,14.8533840083,1.08716976312,14.8465399638,0.000666856,0.00420934,0.503795,0.954305699677,0.106404879342
43,chi_43#9,1,2,3.53154359913,20.3313505033,3.53881055386,20.3242959761,0.000490795,0.0031205,0.395761,1.33042903245,0.0154854033776
43,chi_43#10,0,2,4.44358743352,14.5470057816,4.45065236671,14.5400316507,0.00065266,0.00399672,0.499707,0.974483046619,-0.110429561047
43,chi_43#11,1,2,0.116287740524,15.7432786229,0.12353947572,15.736418778,0.000634046,0.00408339,0.484105,0.999372888631,0.177971815559
43,chi_43#12,0,2,4.67016587021,19.9340602157,4.67738875062,19.9269802417,0.000494004,0.00309816,0.398186,1.31864870881,-0.0613718153826
43,chi_43#13,1,2,3.5356334049,13.8771318332,3.5427082791,13.8702127675,0.000691027,0.00423914,0.521992,0.921328920276,-0.060758536159
43,chi_43#14,0,2,-1.10414538901,16.0037302417,-1.09685039673,15.996835138,0.000625735,0.00415738,0.483536,1.00151553523,0.25840423522
43,chi_43#15,1,2,4.87913485739,18.2851993917,4.88630581757,18.278119208,0.000532486,0.00333085,0.425228,1.21658366712,-0.0940306801719
43,chi_43#16,0,2,1.9375962276,13.3397346872,1.94470186786,13.3328643525,0.000733243,0.00457336,0.548118,0.868448554122,0.0342181317755
43,chi_43#17,1,2,-1.86020963828,17.602551991,-1.85289475956,17.5956071803,0.000569841,0.00385485,0.446714,1.09396759968,0.325155665409
43,chi_43#18,0,2,5.51057307742,16.143605241,5.5176940247,16.1365503747,0.000587631,0.00361536,0.461732,1.08825676413,-0.159271759069
43,chi_43#19,1,2,0.759619450927,12.7245142123,0.766771012465,12.7176771312,0.00077617,0.00492216,0.577254,0.815580098656,0.101649968647
43,chi_43#20,0,2,-0.656999254303,18.6379267505,-0.649692896212,18.6309302257,0.000542429,0.00363606,0.430207,1.17376770579,0.261070631951
43,chi_43#21,1,2,4.35830335286,13.7172226717,4.36538786186,13.7102123603,0.00069247,0.00430359,0.532816,0.920877084789,-0.114792129122
43,chi_43#22,0,2,-0.630109382076,13.168406986,-0.622905464335,13.1615792683,0.000752869,0.00487607,0.561685,0.827358419746,0.194974074169
43,chi_43#23,1,2,2.21116420348,19.1670392585,2.21843535787,19.1600004229,0.000524512,0.00338549,0.418543,1.24107592057,0.0854801064827
43,chi_43#24,0,2,3.5378533526,12.2768946479,3.54492002968,12.2699384395,0.000776112,0.00482389,0.585883,0.81991221705,-0.0797386481905
43,chi_43#25,1,2,-0.86037986804,13.8212553824,-0.853128294306,13.8144123672,0.00072,0.0047065,0.542574,0.866033086699,0.217257366814
43,chi_43#26,0,2,4.35506074615,17.0313659815,4.36228006597,17.0243036892,0.000574494,0.00363026,0.456969,1.13093033097,-0.0755695943967
43,chi_43#27,1,2,2.47859528511,11.8632759694,2.48566583089,11.8563728882,0.000815348,0.0050844,0.607153,0.781221438519,-0.0174592407162
43,chi_43#28,0,2,-0.661237235469,14.7896069826,-0.653951419025,14.7827260566,0.000676927,0.00445358,0.517565,0.929763676387,0.216033519498
43,chi_43#29,1,2,5.30910739126,15.4716995463,5.31626848802,15.4646345931,0.000614991,0.00383169,0.484922,1.04329123594,-0.154410628772
43,chi_43#30,0,2,2.40682625085,12.1069181174,2.41392017272,12.1000586479,0.000799422,0.00493914,0.591813,0.795821565828,-0.0100412637421
43,chi_43#31,1,2,0.548907979358,15.547439321,0.556207409497,15.5405057735,0.000647135,0.00423781,0.50263,0.992051351656,0.1482413998
43,chi_43#32,0,2,5.45905682551,13.787608775,5.46616455068,13.780562463,0.000674928,0.00418023,0.525478,0.938298054635,-0.18374286142
43,chi_43#33,1,2,1.99215728555,12.0753114621,1.99929211757,12.0684785347,0.000807205,0.00501855,0.597661,0.788936101029,0.0158734864495
43,chi_43#34,0,2,1.39541095715,17.0507560279,1.4027001635,17.0437639263,0.00059041,0.00385486,0.46577,1.09731594004,0.112277916279
43,chi_43#35,1,2,5.84789882216,13.1369904961,5.85496684102,13.1299799351,0.000692301,0.00420807,0.532139,0.901631601905,-0.216052124113
43,chi_43#36,0,2,1.73078344772,12.5481524461,1.73796916481,12.5413230555,0.000782617,0.00490671,0.583768,0.81583349458,0.0380092906352
43,chi_43#37,1,2,3.85826616733,18.0561760291,3.86552163796,18.0491333775,0.000547635,0.00347423,0.43721,1.19004677754,-0.0320116499233
43,chi_43#38,0,2,5.45191300961,12.1303425857,5.45896376209,12.1233792345,0.000745132,0.00451437,0.565167,0.83315590894,-0.20280077727
43,chi_43#39,1,2,0.709982850643,13.6534984927,0.717220529412,13.6466469002,0.000728964,0.00468031,0.551484,0.873886254824,0.115733361827
43,chi_43#40,0,2,6.54709466471,18.3057414992,6.55430076404,18.2986669336,0.000519429,0.00317341,0.416732,1.23752255403,-0.199524776958
43,chi_43#41,1,2,4.63993506517,12.1148567962,4.64699379597,12.1079417208,0.000761697,0.00461925,0.572239,0.822614917198,-0.15150987777
44,chi_44#11,0,3,2.61741916978,16.7309173541,2.6247905973,16.7238017511,0.000605009,0.00383658,0.469358,1.06662198762,0.0303408901839
44,chi_44#12,1,3,4.30121495725,16.6301310076,4.30857462575,16.6230123117,0.000596085,0.00369212,0.463183,1.0797506917,-0.0751325992817
44,chi_44#13,0,3,3.40683265917,14.3745402179,3.41418784966,14.3674329419,0.000692357,0.00436561,0.532366,0.929723000391,-0.045675407763
44,chi_44#14,1,3,2.76414156338,14.6350507049,2.77150346962,14.6279513449,0.000686685,0.00434269,0.525972,0.938467695609,-0.00286238730365
44,chi_44#15,0,3,1.4886102394,15.704729996,1.49598395906,15.6976253498,0.000649093,0.00417639,0.49947,0.99006070628,0.0884658573332
44,chi_44#16,1,3,2.67232383975,16.3624022772,2.67969539491,16.3552869758,0.000617965,0.00392355,0.479217,1.04442356889,0.0226995775352
44,chi_44#17,0,3,3.95246074714,16.8372523118,3.9598206287,16.8301333869,0.000592051,0.00368251,0.460044,1.08856967289,-0.0511437100028
44,chi_44#18,1,3,3.68435927565,14.7319542709,3.69171415813,14.7248468364,0.000673522,0.00421924,0.518121,0.955058415718,-0.0587564794323
44,chi_44#19,0,3,3.01111833798,14.4939823713,3.01848016244,14.4868833033,0.000690858,0.00435564,0.529066,0.93256982393,-0.0197860378986
45,chi_45#5,0,2,4.6435597856,13.4485702942,4.6509821571,13.4413041387,0.000730052,0.00450005,0.552894,0.866884643015,-0.129991887546
45,chi_45#6,1,2,6.33993661303,18.2426389269,6.34748594358,18.2352471858,0.00054707,0.00339901,0.43619,1.17636866555,-0.178818303691
45,chi_45#7,0,2,-0.130458780505,18.17833171,-0.12278034005,18.1710717316,0.000581293,0.003861,0.455949,1.09968369744,0.212402061616
45,chi_45#9,1,2,6.32838083648,15.7849348154,6.33586687483,15.7775607263,0.00061789,0.00383111,0.485381,1.02736339391,-0.205766578309
45,chi_45#10,0,2,2.00238005151,19.59332497,2.01004201986,19.5859988261,0.000538241,0.00351075,0.428664,1.20939047645,0.0991236347112
45,chi_45#11,1,2,0.26745090639,14.9853353527,0.275058870375,14.9781855979,0.000696591,0.00449622,0.526532,0.910744479324,0.152378675412
45,chi_45#17,1,2,0.166582649798,18.3369804743,0.174260796044,18.3297206355,0.000576237,0.00380792,0.452047,1.11263544302,0.196193535586
45,chi_45#18,0,2,1.07613174534,14.1024391061,1.08367486632,14.095302827,0.000734184,0.00465256,0.548355,0.866360455464,0.0934606267452
45,chi_45#19,1,2,4.44454944232,13.6090731123,4.45197200661,13.6018067535,0.000725544,0.00448101,0.549473,0.874368298238,-0.116131250878
45,chi_45#21,0,2,0.0278514425486,14.6819633953,0.0354597144439,14.674813754,0.000711107,0.00461412,0.537282,0.889672336281,0.163479575341
45,chi_45#22,1,2,3.40441472179,13.156214059,3.41185207495,13.1490104143,0.000761914,0.00471482,0.569631,0.835235257209,-0.0582196523677
45,chi_45#23,0,2,6.56672566684,16.2211946327,6.57421139523,16.2138203677,0.000600452,0.00370053,0.471902,1.05647109662,-0.215296539468
47,chi_47#1,1,2,2.90234427279,14.403767074,2.91014080928,14.3962121505,0.000738873,0.00466994,0.556716,0.866640251415,-0.0131862013825
47,chi_47#2,0,2,3.96832212133,19.7288322178,3.97632174817,19.7211643076,0.000550642,0.00355291,0.438853,1.1869611156,-0.0176541482809
47,chi_47#3,1,2,0.488709904921,15.6724503857,0.496622053008,15.6650039457,0.000692928,0.00444435,0.519813,0.914223362343,0.140462919703
47,chi_47#4,0,2,5.94132253864,14.9660735022,5.949158419,14.9584022038,0.000681013,0.00427244,0.528431,0.931985097843,-0.183382117547
47,chi_47#5,1,2,-0.509794140615,19.2929409745,-0.501746451956,19.2853972309,0.000571541,0.003811,0.447162,1.11344716077,0.237369466599
47,chi_47#6,0,2,2.52907704271,13.2015646474,2.53687551475,13.1940525808,0.000805563,0.00507173,0.598769,0.792895346935,-0.00448654749296
47,chi_47#7,1,2,6.32617803893,20.3523652618,6.3341494916,20.3446660604,0.00051999,0.00327692,0.417918,1.24852062249,-0.147687353179
47,chi_47#8,0,2,-0.831535083359,14.3191800773,-0.823585031051,14.3117444713,0.000758917,0.00497499,0.56732,0.821517106454,0.202457567906
47,chi_47#9,1,2,6.7177580222,14.393558326,6.72556205821,14.3859027711,0.000688243,0.00426244,0.53174,0.907143701679,-0.23457978149
47,chi_47#10,0,2,-1.01339983342,19.8118645599,-1.00533726475,19.8042907376,0.000557623,0.0037599,0.439104,1.13811901922,0.272166513637
47,chi_47#11,1,2,3.03618689304,12.3669768912,3.04399230432,12.3594938685,0.000849126,0.00530456,0.627967,0.749953567955,-0.0428868207967
47,chi_47#12,0,2,6.14030093403,21.1511511987,6.14824803969,21.1434374407,0.000502857,0.00316943,0.404551,1.29284596666,-0.128303324263
47,chi_47#13,1,2,-0.313441105333,14.1529594322,-0.305465968697,14.1455196299,0.000770433,0.00503078,0.576831,0.817457111667,0.170619176134
47,chi_47#14,0,2,6.74683327089,14.4535874064,6.75462401057,14.4459535644,0.000683817,0.004214,0.5268,0.910938392392,-0.235619498214
47,chi_47#15,1,2,-0.615429422134,19.0688474277,-0.607372947649,19.0612476654,0.000580506,0.00391937,0.457371,1.09931255488,0.241082331214
47,chi_47#16,0,2,3.57117915918,13.2982112792,3.57900627081,13.2907428413,0.000785697,0.00486891,0.584212,0.809724991025,-0.0638846630436
47,chi_47#17,1,2,5.74075025821,19.0399524481,5.7486675468,19.032245603,0.000555597,0.00352056,0.442488,1.16609865017,-0.127870031922
47,chi_47#18,0,2,0.516406323189,14.8095493007,0.524402474117,14.8020843294,0.000738204,0.0048087,0.558738,0.864475761848,0.129562361121
47,chi_47#19,1,2,5.25291871395,15.3703745665,5.26071007919,15.3627749408,0.00067006,0.00414997,0.512335,0.948018715205,-0.139101871783
47,chi_47#20,0,2,2.21013593085,18.9102673992,2.21816627319,18.9026370104,0.000581828,0.00381375,0.459851,1.1205492929,0.0754991707484
47,chi_47#21,1,2,2.74827232176,14.560574887,2.75613834361,14.5531166655,0.00073154,0.0045791,0.547661,0.874075180966,-0.00256148221145
47,chi_47#22,0,2,5.65892504778,16.7298244369,5.66680246722,16.7221353835,0.000623293,0.00393833,0.489242,1.03123617421,-0.148006604467
47,chi_47#23,1,2,1.7013219033,17.1885202672,1.70934192149,17.1810159928,0.000635888,0.00410278,0.490278,1.01521224408,0.0864641939951
47,chi_47#24,0,2,3.67412735292,14.316395813,3.68192261876,14.3088414587,0.000734432,0.00459565,0.553468,0.869885772429,-0.0588885905458
47,chi_47#25,1,2,4.73434526912,19.7930969609,4.74234351358,19.7854294585,0.000544425,0.00347719,0.434071,1.19893907272,-0.0613892172205
47,chi_47#26,0,2,1.0245099442,15.7036195424,1.03242077853,15.6961732595,0.000690353,0.00439798,0.518166,0.921802149947,0.109723694995
47,chi_47#27,1,2,6.64083477655,14.7014105757,6.6486693335,14.6937394327,0.000679704,0.0042336,0.527797,0.92416976064,-0.226802589362
47,chi_47#28,0,2,0.54327588806,19.6057744202,0.551322101898,19.5982305519,0.000562352,0.00369617,0.44042,1.14293318675,0.179663773614
47,chi_47#29,1,2,3.23824899014,13.4957243939,3.24604612364,13.488212021,0.000780135,0.00486064,0.580595,0.817594249186,-0.0424482198923
47,chi_47#30,0,2,7.36301564339,20.8882138995,7.37098567535,20.8805142132,0.000500354,0.0031037,0.402722,1.29076608498,-0.202049530111
47,chi_47#31,1,2,-0.356009913165,14.9698708586,-0.348061064212,14.962434486,0.000726924,0.00472297,0.544265,0.86437724765,0.181886941772
47,chi_47#32,0,2,7.42719323831,14.9098072325,7.43499613385,14.9021508839,0.000656279,0.0040185,0.507905,0.944726006943,-0.270164617389
47,chi_47#33,1,2,-0.782495259206,20.7908307112,-0.774433695617,20.7832557886,0.000531686,0.0035613,0.419416,1.19738344948,0.269319045811
47,chi_47#34,0,2,3.2710289944,12.8555740915,3.2788336537,12.848090013,0.000815152,0.00506855,0.603891,0.78082034329,-0.0512443809834
47,chi_47#35,1,2,6.74794014084,21.902500166,6.75588646753,21.8947852395,0.000483253,0.00301401,0.389477,1.34296699912,-0.155452023642
47,chi_47#36,0,2,-0.0667378126212,14.9063101724,-0.0587631893147,14.8988690744,0.000731702,0.00474729,0.548847,0.863806628376,0.164425339247
47,chi_47#37,1,2,7.18779421855,15.3856079711,7.19558450158,15.3779727942,0.000642335,0.00391867,0.49577,0.969742607427,-0.251155311833
47,chi_47#38,0,2,-1.02148545175,20.1591968541,-1.01342911228,20.1515955456,0.000548738,0.00370778,0.433093,1.15817625823,0.276376547108
47,chi_47#39,1,2,3.43423261688,13.961567286,3.44205983285,13.9540974886,0.000752523,0.00465892,0.560407,0.846722794857,-0.0487971791307
47,chi_47#40,0,2,5.61694198288,19.8809701746,5.62485947127,19.8732619299,0.000534873,0.00338427,0.426577,1.21354186191,-0.111630950963
47,chi_47#41,1,2,0.211036110093,15.4318371426,0.219032730071,15.4243708719,0.00070888,0.00462267,0.537213,0.897277645308,0.153975617892
47,chi_47#42,0,2,4.98625083806,16.1409149878,4.99404272041,16.1333141302,0.000644338,0.0039917,0.493208,0.989835705051,-0.115336428127
47,chi_47#43,1,2,1.63209547613,19.6483837607,1.6401265837,19.6407521407,0.000561919,0.00369855,0.444514,1.1571320052,0.11697414021
47,chi_47#44,0,2,2.26484675533,15.1226000563,2.27271366065,15.1151408087,0.000708971,0.00445371,0.531131,0.901464172676,0.0315294162373
47,chi_47#45,1,2,4.97338923511,17.4207594514,4.98126765855,17.4130693722,0.000607691,0.00386228,0.477213,1.0639246724,-0.100805383231
48,chi_48#3,1,5,3.13614049487,17.409125343,3.14424046982,17.4013980903,0.000632847,0.00404096,0.487953,1.0217222879,0.00550755566663
48,chi_48#7,1,5,2.76819259658,16.4899411359,2.77629337596,16.4822151124,0.000669493,0.00431015,0.515232,0.965642158909,0.016708747165
48,chi_48#11,0,5,3.59486139958,17.4518319678,3.60296106454,17.4441047917,0.000628253,0.00398762,0.484526,1.02898546807,-0.0200923409931
48,chi_48#15,0,5,3.09118455198,16.7350156246,3.09928499979,16.7272895916,0.000657778,0.00421221,0.506381,0.98296613918,0.000951040974189
49,chi_49#1,1,2,9.08738180526,18.3285545218,9.0956202977,18.3205317815,0.000562109,0.00346665,0.446107,1.11350272293,-0.316173771046
49,chi_49#2,0,2,3.41337136859,14.5264324262,3.42158099669,14.5186645,0.000757412,0.00473547,0.564995,0.843370630156,-0.0398091575018
49,chi_49#3,1,2,2.17761601886,21.9767528816,2.18602908265,21.9688165759,0.000523703,0.0034463,0.4173,1.24506533911,0.105907419283
49,chi_49#4,0,2,7.33894358972,16.2896688897,7.34709674366,16.2817219268,0.000637249,0.00391767,0.491481,0.982015794525,-0.239972401731
49,chi_49#5,1,2,1.50400340556,16.8867610393,1.512337025,16.8789995601,0.000671724,0.00431237,0.509349,0.954949574833,0.0907943167796
49,chi_49#6,0,2,6.74924082364,22.1071009964,6.75757015718,22.0990762813,0.000500383,0.00316583,0.402758,1.29954741067,-0.147065608788
49,chi_49#8,0,2,0.593602065456,20.4704638126,0.602023835269,20.4626110671,0.000562274,0.00371337,0.440459,1.14490549679,0.178464271224
49,chi_49#9,1,2,7.28081881178,18.317974474,7.28903263883,18.3099662187,0.000581967,0.00363977,0.458558,1.09425002091,-0.21578389634
49,chi_49#10,0,2,1.32772500125,16.6018318466,1.33598553344,16.5940763356,0.000680324,0.0043349,0.510533,0.937277767049,0.097657005042
49,chi_49#11,1,2,3.21010620696,23.8350983814,3.21851041452,23.8271244416,0.000481703,0.00313673,0.387215,1.35911214227,0.0676690576282
49,chi_49#12,0,2,4.96242510688,15.7460660051,4.97058038236,15.7381615937,0.000687924,0.00430902,0.524403,0.927222630463,-0.113382693264
49,chi_49#13,1,2,-1.32146950561,18.065979125,-1.31308643752,18.0582000802,0.000631344,0.00420174,0.482944,0.991358738349,0.260158350233
49,chi_49#15,1,2,2.24955489845,14.9826735362,2.25774987162,14.9748854193,0.000746202,0.00472497,0.556865,0.856727613397,0.02964756595
49,chi_49#16,0,2,-1.68544477301,20.894855239,-1.67700679864,20.8869685362,0.000550972,0.00375465,0.434054,1.14496890784,0.309632261599
49,chi_49#17,1,2,5.75290900724,17.341518951,5.76109877112,17.3335466227,0.000625551,0.00393545,0.485659,1.02414447095,-0.140874254561
49,chi_49#18,0,2,-0.0977393667621,15.3433184731,-0.0894326082696,15.3355785633,0.000739967,0.00481428,0.553564,0.852539720154,0.163953580007
49,chi_49#19,1,2,2.0827432926,21.9313971337,2.09112306655,21.9234052885,0.000525633,0.00348644,0.420198,1.24156203879,0.110716609729
49,chi_49#20,0,2,3.257790339,15.1062832557,3.26594878146,15.0984300128,0.000732777,0.00462077,0.550383,0.874020404426,-0.0251635684352
49,chi_49#22,0,2,5.12024384221,18.0161134827,5.12850054237,18.0081053216,0.000614127,0.00394427,0.483088,1.05513594514,-0.0987096286129
49,chi_49#23,1,2,0.852369185701,14.4903826312,0.860593071417,14.4826302297,0.00077861,0.00497963,0.576275,0.814906711868,0.102287067676
49,chi_49#24,0,2,0.32980783606,20.4603391169,0.338231699039,20.4524220506,0.000564939,0.00378084,0.445554,1.14161692376,0.19303455482
49,chi_49#25,1,2,4.60164310895,14.5070950275,4.6098057628,14.4991689059,0.000747578,0.00472772,0.568458,0.854571274549,-0.106112548023
49,chi_49#26,0,2,-0.799182572717,15.1991553536,-0.790842700034,15.1914145612,0.000747603,0.00491082,0.559574,0.837273103341,0.201485505413
49,chi_49#27,1,2,5.19687174851,20.0117468623,5.20520284922,20.0037437715,0.000558745,0.00358361,0.443823,1.16694478491,-0.08235496724
49,chi_49#29,1,2,-0.915390227682,17.7717607426,-0.906971478378,17.7639297227,0.000646116,0.00433267,0.49837,0.979186680976,0.234528485183
49,chi_49#30,0,2,6.85199307207,16.1028519605,6.86019917663,16.0948634829,0.000654417,0.00409723,0.508727,0.9665923314,-0.214813383237
49,chi_49#31,1,2,1.66796935129,13.4495571927,1.67621855464,13.4418221085,0.000834412,0.00530405,0.616261,0.765431751202,0.0461621202647
49,chi_49#32,0,2,2.42377392608,20.0869748496,2.4321665703,20.0790193868,0.00057155,0.00376617,0.452601,1.14248003222,0.0726897913592
49,chi_49#33,1,2,5.34496609936,13.9999390484,5.35310574655,13.9920486015,0.000756486,0.004701,0.570306,0.83403765308,-0.152703216835
49,chi_49#34,0,2,0.895217485067,15.5898174833,0.903581029208,15.5820523122,0.000730849,0.00474822,0.552429,0.87651100034,0.111261999593
49,chi_49#36,0,2,3.43908711981,13.7583309304,3.44726170516,13.7505482669,0.00079588,0.0049653,0.59006,0.80090678651,-0.0491752082979
49,chi_49#37,1,2,1.910903192,19.1605510118,1.91931738971,19.1526689407,0.000598753,0.00392896,0.469039,1.08564441425,0.0916496562092
49,chi_49#38,0,2,7.03061544686,14.7150696925,7.0387845044,14.7070996392,0.000699821,0.00436819,0.540221,0.891235341914,-0.239087740622
49,chi_49#39,1,2,1.70346248669,15.1306712887,1.71174807957,15.1229271816,0.000744843,0.00474663,0.556865,0.85931889372,0.0615557195877
49,chi_49#40,0,2,6.51970720426,20.9784971286,6.52806367333,20.9704998238,0.000526517,0.00333576,0.421643,1.23439174761,-0.145956581667
49,chi_49#41,1,2,5.33418276504,13.7236541428,5.34232181386,13.7157935265,0.000768493,0.004767,0.577873,0.818556505599,-0.154957720063
