n,gamma,K,sigma_K,gamma_K,status
0,4.475738283729,448,0.500006668,4.477769610,ok
0,4.475738283729,317,0.500006922,4.478608560,ok
0,4.475738283729,224,0.500004881,4.479799342,ok
0,4.475738283729,159,0.499997533,4.481458035,ok
0,4.475738283729,112,0.499978198,4.483856028,ok
0,4.475738283729,79,0.499934916,4.487244736,ok
0,4.475738283729,56,0.499847755,4.491972468,ok
0,4.475738283729,37,0.499637029,4.500340731,ok
0,4.475738283729,20,0.499015249,4.521662197,ok
0,4.475738283729,14,0.498753872,4.542292726,ok
0,4.475738283729,10,0.499817715,4.571207875,ok
0,4.475738283729,7,0.506743328,4.617282450,ok
0,4.475738283729,5,0.529997035,4.680491534,ok
0,4.475738283729,4,0.565382575,4.732469624,ok
0,4.475738283729,3,0.652897927,4.797986022,ok
1,6.845491712491,448,0.500815218,6.847829103,ok
1,6.845491712491,317,0.501149040,6.848796934,ok
1,6.845491712491,224,0.501620253,6.850173091,ok
1,6.845491712491,159,0.502272015,6.852094720,ok
1,6.845491712491,112,0.503206210,6.854882367,ok
1,6.845491712491,79,0.504514209,6.858840392,ok
1,6.845491712491,56,0.506326762,6.864397476,ok
1,6.845491712491,37,0.509552461,6.874326289,ok
2,11.160184543120,448,0.498614279,11.163598684,ok
2,11.160184543120,317,0.498032999,11.165000456,ok
2,11.160184543120,224,0.497198418,11.166982727,ok
2,11.160184543120,159,0.496016288,11.169731184,ok
2,11.160184543120,112,0.494263971,11.173683277,ok
2,11.160184543120,79,0.491691606,11.179238862,ok
2,11.160184543120,56,0.487889268,11.186971409,ok
2,11.160184543120,37,0.480432007,11.200796278,ok
3,12.489603343033,448,0.501147641,12.493634717,ok
3,12.489603343033,317,0.501610047,12.495308508,ok
3,12.489603343033,224,0.502255992,12.497694231,ok
3,12.489603343033,159,0.503137634,12.501039069,ok
3,12.489603343033,112,0.504381289,12.505925772,ok
3,12.489603343033,79,0.506094810,12.512953785,ok
3,12.489603343033,56,0.508453286,12.523056680,ok
3,12.489603343033,37,0.512820419,12.542079501,ok
4,15.112882258744,448,0.499723320,15.117061503,ok
4,15.112882258744,317,0.499593661,15.118787715,ok
4,15.112882258744,224,0.499394672,15.121240197,ok
4,15.112882258744,159,0.499089026,15.124664905,ok
4,15.112882258744,112,0.498590669,15.129645493,ok
4,15.112882258744,79,0.497778296,15.136778754,ok
4,15.112882258744,56,0.496450998,15.147023924,ok
4,15.112882258744,37,0.493682637,15.166563423,ok
5,16.802876475729,448,0.501686001,16.807253532,ok
5,16.802876475729,317,0.502370121,16.809073719,ok
5,16.802876475729,224,0.503330904,16.811671448,ok
5,16.802876475729,159,0.504652799,16.815320957,ok
5,16.802876475729,112,0.506540790,16.820670945,ok
5,16.802876475729,79,0.509194627,16.828411182,ok
5,16.802876475729,56,0.512971537,16.839658144,ok
5,16.802876475729,37,0.520499243,16.861339867,ok
6,19.611878056690,448,0.499404885,19.616861733,ok
6,19.611878056690,317,0.499139647,19.618918116,ok
6,19.611878056690,224,0.498743202,19.621838184,ok
6,19.611878056690,159,0.498150933,19.625914007,ok
6,19.611878056690,112,0.497208859,19.631841170,ok
6,19.611878056690,79,0.495693151,19.640341188,ok
6,19.611878056690,56,0.493183086,19.652617593,ok
6,19.611878056690,37,0.487530875,19.676627230,ok
7,21.899913703318,448,0.496645764,21.905406264,ok
7,21.899913703318,317,0.495227756,21.907649338,ok
7,21.899913703318,224,0.493177971,21.910813840,ok
7,21.899913703318,159,0.490241859,21.915195023,ok
7,21.899913703318,112,0.485803905,21.921505870,ok
7,21.899913703318,79,0.479055668,21.930474861,ok
7,21.899913703318,56,0.468417864,21.943410857,ok
7,21.899913703318,37,0.444533619,21.969852528,ok
8,23.162971799737,448,0.501343053,23.169167507,ok
8,23.162971799737,317,0.501852712,23.171754581,ok
8,23.162971799737,224,0.502534507,23.175466050,ok
8,23.162971799737,159,0.503408512,23.180734129,ok
8,23.162971799737,112,0.504531398,23.188619403,ok
8,23.162971799737,104,0.504798831,23.190736070,ok
8,23.162971799737,79,0.505877206,23.200526013,ok
8,23.162971799737,73,0.506211497,23.204056846,ok
8,23.162971799737,56,0.507439500,23.219410203,ok
8,23.162971799737,52,0.507836253,23.225022493,ok
8,23.162971799737,37,0.511223142,23.264634298,ok
8,23.162971799737,26,0.537877703,23.363406616,ok
8,23.162971799737,19,0.765001399,23.579707404,ok
8,23.162971799737,13,1.185861944,22.600349922,ok
9,24.498847555356,448,0.503774687,24.504321882,ok
9,24.498847555356,317,0.505324805,24.506621605,ok
9,24.498847555356,224,0.507524529,24.509928093,ok
9,24.498847555356,159,0.510603378,24.514623592,ok
9,24.498847555356,112,0.515134508,24.521620187,ok
9,24.498847555356,79,0.521865104,24.532007699,ok
9,24.498847555356,56,0.532520417,24.547747969,ok
9,24.498847555356,37,0.560178781,24.580119697,ok
10,27.361477519001,448,0.498587600,27.367491485,ok
10,27.361477519001,317,0.497970853,27.369969440,ok
10,27.361477519001,224,0.497059352,27.373488304,ok
10,27.361477519001,159,0.495713774,27.378407155,ok
10,27.361477519001,112,0.493594292,27.385597402,ok
10,27.361477519001,79,0.490186808,27.396062119,ok
10,27.361477519001,56,0.484428523,27.411807236,ok
10,27.361477519001,37,0.471219064,27.447629022,ok
11,29.178879666363,448,0.498351631,29.185470344,ok
11,29.178879666363,317,0.497621273,29.188187972,ok
11,29.178879666363,224,0.496530886,29.192053663,ok
11,29.178879666363,159,0.494898296,29.197478171,ok
11,29.178879666363,112,0.492273310,29.205476657,ok
11,29.178879666363,79,0.487919573,29.217348148,ok
11,29.178879666363,56,0.480204647,29.236041085,ok
11,29.178879666363,37,0.461737749,29.284603701,ok
12,30.721899644548,448,0.500631063,30.728935199,ok
12,30.721899644548,317,0.500838996,30.731865688,ok
12,30.721899644548,224,0.501082188,30.736066998,ok
12,30.721899644548,159,0.501319572,30.742033610,ok
12,30.721899644548,112,0.501451068,30.751002361,ok
12,30.721899644548,79,0.501194683,30.764751566,ok
12,30.721899644548,56,0.500023578,30.787642404,ok
12,30.721899644548,37,0.501946154,30.852695402,ok
13,32.475887591542,448,0.499515997,32.483725443,ok
13,32.475887591542,317,0.499254962,32.486980356,ok
13,32.475887591542,224,0.498823337,32.491637722,ok
13,32.475887591542,159,0.498101121,32.498235918,ok
13,32.475887591542,112,0.496799022,32.508127749,ok
13,32.475887591542,79,0.494404729,32.523274797,ok
13,32.475887591542,56,0.490031258,32.548695307,ok
13,32.475887591542,37,0.489313854,32.623895249,ok
14,34.111240783037,448,0.499540949,34.118792929,ok
14,34.111240783037,317,0.499282171,34.121937660,ok
14,34.111240783037,224,0.498848824,34.126452222,ok
14,34.111240783037,159,0.498119900,34.132889783,ok
14,34.111240783037,112,0.496815440,34.142669508,ok
14,34.111240783037,79,0.494493053,34.158063974,ok
14,34.111240783037,56,0.490753738,34.185405473,ok
14,34.111240783037,37,0.502472588,34.274452988,ok
15,35.311847458978,448,0.505132530,35.318717813,ok
15,35.311847458978,317,0.507241312,35.321629683,ok
15,35.311847458978,224,0.510241888,35.325848427,ok
15,35.311847458978,159,0.514471844,35.331916233,ok
15,35.311847458978,112,0.520812968,35.341167380,ok
15,35.311847458978,79,0.530711121,35.355529869,ok
15,35.311847458978,56,0.548885338,35.379304058,ok
15,35.311847458978,37,0.627442012,35.424936635,ok
16,38.364637336031,448,0.493394360,38.371718851,ok
16,38.364637336031,317,0.490608426,38.374562281,ok
16,38.364637336031,224,0.486569802,38.378525559,ok
16,38.364637336031,171,0.482167423,38.382626624,ok
16,38.364637336031,159,0.480727780,38.383917611,ok
16,38.364637336031,120,0.473783434,38.389799393,ok
16,38.364637336031,112,0.471660429,38.391485146,ok
16,38.364637336031,86,0.461281390,38.399015326,ok
16,38.364637336031,79,0.456914538,38.401861757,ok
16,38.364637336031,60,0.436742096,38.413266619,ok
16,38.364637336031,56,0.429433733,38.417024973,ok
16,38.364637336031,43,0.386128587,38.442908504,ok
16,38.364637336031,37,0.350433469,38.480189606,ok
16,38.364637336031,30,0.327291618,38.586339819,ok
16,38.364637336031,22,0.359290360,38.628730748,ok
17,39.482578746662,448,0.498916334,39.491168813,ok
17,39.482578746662,317,0.498338308,39.494745885,ok
17,39.482578746662,224,0.497370747,39.499900334,ok
17,39.482578746662,159,0.495695584,39.507323289,ok
17,39.482578746662,112,0.492442739,39.518870204,ok
17,39.482578746662,79,0.485516387,39.538102047,ok
17,39.482578746662,56,0.468990619,39.577636420,ok
17,39.482578746662,37,0.451873965,39.760820580,ok
18,40.710328651654,448,0.502935951,40.720821237,ok
18,40.710328651654,317,0.504056704,40.725260520,ok
18,40.710328651654,224,0.505572540,40.731713384,ok
18,40.710328651654,159,0.507566060,40.741095359,ok
18,40.710328651654,112,0.510294775,40.755826738,ok
18,40.710328651654,79,0.514239434,40.780544301,ok
18,40.710328651654,56,0.523811236,40.830984426,ok
18,40.710328651654,37,0.688382672,41.014459272,ok
19,42.304857587643,448,0.501618329,42.312833878,ok
19,42.304857587643,317,0.502232922,42.316198843,ok
19,42.304857587643,224,0.503067778,42.321082464,ok
19,42.304857587643,159,0.504187905,42.328171714,ok
19,42.304857587643,112,0.505827402,42.339292809,ok
19,42.304857587643,79,0.508723006,42.357981833,ok
19,42.304857587643,56,0.519051891,42.396100741,ok
19,42.304857587643,37,0.689897340,42.460807986,ok
20,43.931854287427,448,0.502455222,43.940476642,ok
20,43.931854287427,317,0.503417157,43.944104849,ok
20,43.931854287427,224,0.504743971,43.949351745,ok
20,43.931854287427,159,0.506542532,43.956912886,ok
20,43.931854287427,112,0.509133516,43.968596496,ok
20,43.931854287427,79,0.513259018,43.987638769,ok
20,43.931854287427,56,0.524900012,44.024215997,ok
20,43.931854287427,37,0.655127456,44.053701348,ok
21,46.194327427406,448,0.494711082,46.202720974,ok
21,46.194327427406,317,0.492421452,46.206137485,ok
21,46.194327427406,224,0.489036571,46.210970014,ok
21,46.194327427406,159,0.483993516,46.217731684,ok
21,46.194327427406,112,0.475784156,46.227791614,ok
21,46.194327427406,79,0.461281714,46.243636133,ok
21,46.194327427406,56,0.431681929,46.277607612,ok
21,46.194327427406,37,0.459169776,46.436069677,ok
22,47.298585340277,448,0.503202409,47.308409373,ok
22,47.298585340277,317,0.504425008,47.312582752,ok
22,47.298585340277,224,0.506068486,47.318678427,ok
22,47.298585340277,159,0.508188030,47.327625277,ok
22,47.298585340277,112,0.510925597,47.341960597,ok
22,47.298585340277,79,0.514352376,47.367268923,ok
22,47.298585340277,56,0.525333368,47.426301290,ok
22,47.298585340277,37,0.788848661,47.489792818,ok
23,49.235894262416,448,0.496979924,49.245273346,ok
23,49.235894262416,317,0.495611679,49.249149512,ok
23,49.235894262416,224,0.493520204,49.254703712,ok
23,49.235894262416,159,0.490249226,49.262644094,ok
23,49.235894262416,112,0.484521246,49.274929979,ok
23,49.235894262416,79,0.473261581,49.295949563,ok
23,49.235894262416,56,0.450749649,49.349460175,ok
23,49.235894262416,37,0.643859877,49.478446968,ok
24,50.983099434948,448,0.476485608,50.995898387,ok
24,50.983099434948,317,0.466447111,50.999657740,ok
24,50.983099434948,228,0.452995855,51.003444972,ok
24,50.983099434948,224,0.452141234,51.003643149,ok
24,50.983099434948,160,0.432718535,51.007017521,ok
24,50.983099434948,159,0.432291831,51.007070287,ok
24,50.983099434948,114,0.405101966,51.009086534,ok
24,50.983099434948,112,0.403350118,51.009147518,ok
24,50.983099434948,80,0.360005248,51.010067103,ok
24,50.983099434948,79,0.357852685,51.010152780,ok
24,50.983099434948,57,0.275561485,51.028951552,ok
24,50.983099434948,56,0.269437901,51.032223816,ok
24,50.983099434948,40,0.206473728,51.202355530,ok
24,50.983099434948,37,0.248739535,51.247880974,ok
24,50.983099434948,29,0.259883784,51.267631351,ok
25,51.296631458427,448,0.526385242,51.306161281,ok
25,51.296631458427,317,0.537344092,51.311887156,ok
25,51.296631458427,224,0.552721610,51.321806363,ok
25,51.296631458427,159,0.573649455,51.339002018,ok
25,51.296631458427,112,0.603456031,51.370907454,ok
25,51.296631458427,79,0.650473640,51.434631759,ok
25,51.296631458427,56,0.787596651,51.586811939,ok
25,51.296631458427,37,1.270921189,50.994561440,ok
26,53.246556716449,448,0.503711028,53.255619368,ok
26,53.246556716449,317,0.505208431,53.259464928,ok
26,53.246556716449,224,0.507330243,53.265068404,ok
26,53.246556716449,159,0.510346292,53.273253310,ok
26,53.246556716449,112,0.515116597,53.286258615,ok
26,53.246556716449,79,0.524611733,53.308923783,ok
26,53.246556716449,56,0.568102181,53.350656176,ok
26,53.246556716449,37,0.561519544,53.286422784,ok
27,55.639330768799,448,0.494251357,55.648286528,ok
27,55.639330768799,317,0.491753151,55.651928780,ok
27,55.639330768799,224,0.488032008,55.657079678,ok
27,55.639330768799,159,0.482391346,55.664291884,ok
27,55.639330768799,112,0.472821175,55.675093250,ok
27,55.639330768799,79,0.454045593,55.693203945,ok
27,55.639330768799,56,0.416654366,55.750903077,ok
27,55.639330768799,37,0.466766169,55.805935902,ok
28,57.012687073640,448,0.496693926,57.023758675,ok
28,57.012687073640,317,0.495101594,57.028341496,ok
28,57.012687073640,224,0.492539925,57.034944812,ok
28,57.012687073640,159,0.488201877,57.044517766,ok
28,57.012687073640,112,0.479561069,57.059884255,ok
28,57.012687073640,79,0.458641175,57.089779323,ok
28,57.012687073640,56,0.419286482,57.201152562,ok
28,57.012687073640,37,0.572315879,57.310046533,ok
29,58.281923096112,448,0.495979993,58.296128058,ok
29,58.281923096112,317,0.493994457,58.302067608,ok
29,58.281923096112,224,0.490797985,58.310723911,ok
29,58.281923096112,159,0.485447607,58.323557850,ok
29,58.281923096112,112,0.475097161,58.345146251,ok
29,58.281923096112,79,0.451528918,58.391140907,ok
29,58.281923096112,56,0.424429020,58.569187432,ok
29,58.281923096112,37,0.975864187,58.558117233,patched
30,59.206201945629,448,0.509600085,59.216626876,ok
30,59.206201945629,317,0.513594355,59.221268982,ok
30,59.206201945629,224,0.519400212,59.228307872,ok
30,59.206201945629,159,0.527997767,59.239284377,ok
30,59.206201945629,112,0.542608023,59.258947335,ok
30,59.206201945629,79,0.576877018,59.302681197,ok
30,59.206201945629,56,0.806320124,59.388656813,ok
30,59.206201945629,37,0.589935886,58.979578962,ok
31,61.356287385983,448,0.493816028,61.368141731,ok
31,61.356287385983,317,0.491037572,61.373014861,ok
31,61.356287385983,224,0.486812401,61.380011198,ok
31,61.356287385983,159,0.480230345,61.390136540,ok
31,61.356287385983,112,0.468626415,61.406568638,ok
31,61.356287385983,79,0.445400714,61.441100477,ok
31,61.356287385983,56,0.456822241,61.574191247,ok
31,61.356287385983,37,0.581452603,61.507483290,ok
32,62.324608617366,448,0.506719611,62.335774316,ok
32,62.324608617366,317,0.509429905,62.340669630,ok
32,62.324608617366,278,0.510727336,62.343095974,ok
32,62.324608617366,224,0.513278186,62.348024679,ok
32,62.324608617366,195,0.515251226,62.351980541,ok
32,62.324608617366,159,0.518785856,62.359370460,ok
32,62.324608617366,139,0.521664575,62.365651595,ok
32,62.324608617366,112,0.527755832,62.379478440,ok
32,62.324608617366,98,0.533169687,62.391822041,ok
32,62.324608617366,79,0.550023264,62.424306536,ok
32,62.324608617366,70,0.574461231,62.454292108,ok
32,62.324608617366,56,0.741638418,62.473210976,ok
32,62.324608617366,49,0.731062358,62.259867109,ok
32,62.324608617366,37,0.667554423,62.297208232,ok
32,62.324608617366,35,0.635146826,62.344858642,ok
33,64.103261131231,448,0.500510997,64.114215662,ok
33,64.103261131231,317,0.500605648,64.118845747,ok
33,64.103261131231,224,0.500625304,64.125613990,ok
33,64.103261131231,159,0.500423543,64.135640958,ok
33,64.103261131231,112,0.499665251,64.152394194,ok
33,64.103261131231,79,0.500099119,64.187966942,ok
33,64.103261131231,56,0.589822176,64.245126926,ok
33,64.103261131231,37,0.590219203,64.196327596,ok
34,66.126640192126,448,0.492062403,66.137004888,ok
34,66.126640192126,317,0.488551329,66.141172849,ok
34,66.126640192126,224,0.483204627,66.147041495,ok
34,66.126640192126,159,0.474730021,66.155253767,ok
34,66.126640192126,112,0.458853635,66.167845795,ok
34,66.126640192126,79,0.420176404,66.195661167,ok
34,66.126640192126,56,0.401403570,66.348239585,ok
34,66.126640192126,37,0.488025002,66.397097085,ok
35,67.149320310243,448,0.499909089,67.163179949,ok
35,67.149320310243,317,0.499564644,67.169111791,ok
35,67.149320310243,224,0.498708427,67.177945200,ok
35,67.149320310243,159,0.496605469,67.191555813,ok
35,67.149320310243,112,0.490724453,67.216428378,ok
35,67.149320310243,79,0.475700203,67.283604067,ok
35,67.149320310243,56,0.688950878,67.514399029,ok
35,67.149320310243,37,0.892740656,67.256588050,ok
36,68.614855143820,448,0.496850427,68.630662604,ok
36,68.614855143820,317,0.495153270,68.637345716,ok
36,68.614855143820,224,0.492245209,68.647218609,ok
36,68.614855143820,159,0.486910935,68.662290858,ok
36,68.614855143820,112,0.474987108,68.689724105,ok
36,68.614855143820,79,0.445311904,68.767280781,ok
36,68.614855143820,56,1.101147087,69.067167844,patched
36,68.614855143820,37,0.764291265,68.597302176,patched
37,69.618030821397,448,0.504598432,69.631468976,ok
37,69.618030821397,317,0.506405097,69.637435678,ok
37,69.618030821397,224,0.509007026,69.646576417,ok
37,69.618030821397,159,0.513004753,69.661314819,ok
37,69.618030821397,112,0.521271835,69.690514215,ok
37,69.618030821397,79,0.566273367,69.776645317,ok
37,69.618030821397,56,0.598556143,69.280104705,ok
37,69.618030821397,37,0.525606440,69.535830302,ok
38,70.829902336759,448,0.509079636,70.840412920,ok
38,70.829902336759,317,0.512903574,70.845022168,ok
38,70.829902336759,224,0.518548147,70.851921979,ok
38,70.829902336759,159,0.527210890,70.862476535,ok
38,70.829902336759,112,0.543586833,70.880883649,ok
38,70.829902336759,79,0.600779689,70.912706948,ok
38,70.829902336759,56,0.564516109,70.788516677,ok
38,70.829902336759,37,0.586639226,70.870624718,ok
39,73.406720929512,448,0.490147743,73.416748821,ok
39,73.406720929512,317,0.485863073,73.420733093,ok
39,73.406720929512,224,0.479415378,73.426281152,ok
39,73.406720929512,159,0.469337846,73.433900988,ok
39,73.406720929512,112,0.450501679,73.445371413,ok
39,73.406720929512,79,0.404096708,73.478689794,ok
39,73.406720929512,56,0.451974769,73.559377646,ok
39,73.406720929512,37,0.413693870,73.638144472,ok
40,74.547140922264,448,0.494886869,74.562146203,ok
40,74.547140922264,333,0.492712757,74.567366022,ok
40,74.547140922264,317,0.492254310,74.568402027,ok
40,74.547140922264,233,0.488431373,74.576332809,ok
40,74.547140922264,224,0.487785086,74.577566377,ok
40,74.547140922264,167,0.481094678,74.589005672,ok
40,74.547140922264,159,0.479520779,74.591417816,ok
40,74.547140922264,117,0.463717275,74.612360865,ok
40,74.547140922264,112,0.460096822,74.616700937,ok
40,74.547140922264,84,0.418707105,74.674212407,ok
40,74.547140922264,79,0.407083104,74.701942565,ok
40,74.547140922264,59,0.587833783,74.926289130,ok
40,74.547140922264,56,0.609217886,74.823789873,ok
40,74.547140922264,42,0.533671166,75.013570785,ok
40,74.547140922264,37,1.163221451,74.917292769,patched
41,75.465732176026,448,0.506741361,75.480821718,ok
41,75.465732176026,317,0.509379280,75.487560236,ok
41,75.465732176026,224,0.513066987,75.497945080,ok
41,75.465732176026,159,0.518272753,75.514907647,ok
41,75.465732176026,112,0.527179742,75.549924307,ok
41,75.465732176026,79,0.584075550,75.664443308,ok
41,75.465732176026,56,0.746735988,75.439521333,ok
41,75.465732176026,37,0.489548972,75.196523914,ok
42,77.242745429813,448,0.496396800,77.256375093,ok
42,77.242745429813,317,0.494588633,77.262137916,ok
42,77.242745429813,224,0.491587481,77.270681277,ok
42,77.242745429813,159,0.486213889,77.283906082,ok
42,77.242745429813,112,0.474224977,77.309666144,ok
42,77.242745429813,79,0.462398949,77.405627324,ok
42,77.242745429813,56,0.588003533,77.369946366,ok
42,77.242745429813,37,0.589016678,77.272892542,ok
43,78.494846517302,448,0.498113414,78.510700555,ok
43,78.494846517302,317,0.496953353,78.517533127,ok
43,78.494846517302,224,0.494853396,78.527853450,ok
43,78.494846517302,159,0.490781441,78.544375796,ok
43,78.494846517302,112,0.481356069,78.578634368,ok
43,78.494846517302,79,0.495146333,78.711676072,ok
43,78.494846517302,56,0.642442681,78.614724151,ok
43,78.494846517302,37,0.575976694,78.557130612,ok
44,79.582509767099,448,0.506107086,79.597094490,ok
44,79.582509767099,317,0.508546158,79.603587134,ok
44,79.582509767099,224,0.512071961,79.613574788,ok
44,79.582509767099,159,0.517501860,79.629894651,ok
44,79.582509767099,112,0.529619868,79.664126979,ok
44,79.582509767099,79,0.644405408,79.757230937,ok
44,79.582509767099,56,0.652922077,79.602314144,ok
44,79.582509767099,37,0.631676534,79.635489271,ok
45,81.064150238780,448,0.503651515,81.076786323,ok
45,81.064150238780,317,0.505073583,81.082287713,ok
45,81.064150238780,224,0.507084559,81.090583969,ok
45,81.064150238780,159,0.510088072,81.103686871,ok
45,81.064150238780,112,0.516855388,81.129553623,ok
45,81.064150238780,79,0.589352024,81.183552380,ok
45,81.064150238780,56,0.603392817,81.125351150,ok
45,81.064150238780,37,0.636544708,81.130941725,ok
46,82.874742376285,448,0.497828431,82.887391480,ok
46,82.874742376285,317,0.496690467,82.892733467,ok
46,82.874742376285,224,0.494748717,82.900608484,ok
46,82.874742376285,159,0.491144930,82.912641601,ok
46,82.874742376285,112,0.482821854,82.935803353,ok
46,82.874742376285,79,0.498231853,83.014463340,ok
46,82.874742376285,56,0.558620400,83.015214822,ok
46,82.874742376285,37,0.633431652,83.024123670,ok
47,84.700627931748,448,0.486051152,84.711488653,ok
47,84.700627931748,317,0.479864474,84.715621830,ok
47,84.700627931748,224,0.470257131,84.721188572,ok
47,84.700627931748,159,0.454126557,84.728424961,ok
47,84.700627931748,112,0.417685261,84.739568247,ok
47,84.700627931748,79,0.325005729,84.835794715,ok
47,84.700627931748,56,0.367849961,84.964650342,ok
47,84.700627931748,37,0.418410315,85.199579117,ok
48,85.594741477041,448,0.495836371,85.616654909,ok
48,85.594741477041,382,0.494776554,85.620557833,ok
48,85.594741477041,317,0.493095718,85.626111725,ok
48,85.594741477041,268,0.490987017,85.632283520,ok
48,85.594741477041,224,0.487771019,85.640529930,ok
48,85.594741477041,191,0.483585843,85.649861816,ok
48,85.594741477041,159,0.476098166,85.664163808,ok
48,85.594741477041,134,0.464277885,85.683443334,ok
48,85.594741477041,112,0.441458998,85.717379043,ok
48,85.594741477041,96,0.407559968,85.777934621,ok
48,85.594741477041,79,0.379522652,85.971254605,ok
48,85.594741477041,67,0.540256924,86.248067802,ok
48,85.594741477041,56,0.437747866,86.271206484,ok
48,85.594741477041,48,0.393789813,86.327418053,ok
48,85.594741477041,37,0.433506352,86.503931888,ok
49,86.478453083226,448,0.510235936,86.496175994,ok
49,86.478453083226,317,0.514462828,86.504474665,ok
49,86.478453083226,224,0.520784347,86.517899945,ok
49,86.478453083226,159,0.531103974,86.542089325,ok
49,86.478453083226,112,0.557576078,86.605858828,ok
49,86.478453083226,79,1.003168521,86.856031073,ok
49,86.478453083226,56,1.351534321,85.822622849,ok
49,86.478453083226,37,1.123790774,85.075301126,ok
50,87.825015272949,448,0.506703697,87.838513641,ok
50,87.825015272949,317,0.509508476,87.844547555,ok
50,87.825015272949,224,0.513758793,87.853887036,ok
50,87.825015272949,159,0.520964039,87.869439890,ok
50,87.825015272949,112,0.542046218,87.904243012,ok
50,87.825015272949,79,0.722823739,87.814900143,ok
50,87.825015272949,56,0.537582534,87.817964370,ok
50,87.825015272949,37,0.596813376,87.926022392,ok
51,89.576403137472,448,0.498385197,89.590730349,ok
51,89.576403137472,317,0.497455969,89.596876710,ok
51,89.576403137472,224,0.495827681,89.606116390,ok
51,89.576403137472,159,0.492801872,89.620891472,ok
51,89.576403137472,112,0.487493290,89.653567982,ok
51,89.576403137472,79,0.585069649,89.703122666,ok
51,89.576403137472,56,0.538088338,89.670361697,ok
51,89.576403137472,37,0.633524232,89.740151359,ok
52,90.984722411013,448,0.500467730,90.998841264,ok
52,90.984722411013,317,0.500381391,91.004963464,ok
52,90.984722411013,224,0.499907949,91.014258338,ok
52,90.984722411013,159,0.498316305,91.029389147,ok
52,90.984722411013,112,0.494248055,91.064429938,ok
52,90.984722411013,79,0.604265114,91.118404389,ok
52,90.984722411013,56,0.581163023,91.107238581,ok
52,90.984722411013,37,0.732391293,91.045678909,ok
53,92.779639034817,448,0.482247935,92.794318430,ok
53,92.779639034817,317,0.474239773,92.799856154,ok
53,92.779639034817,224,0.461719051,92.807341564,ok
53,92.779639034817,159,0.440473744,92.817377287,ok
53,92.779639034817,112,0.390562603,92.837385211,ok
53,92.779639034817,79,0.359251846,92.997558458,ok
53,92.779639034817,56,0.358015557,93.014336555,ok
53,92.779639034817,37,0.478690133,93.261844786,ok
54,93.443685425393,448,0.513844159,93.461941020,ok
54,93.443685425393,317,0.519275423,93.470704343,ok
54,93.443685425393,224,0.526774369,93.485124402,ok
54,93.443685425393,159,0.536913372,93.511725225,ok
54,93.443685425393,112,0.557081694,93.586226742,ok
54,93.443685425393,79,0.936415818,93.615010268,ok
54,93.443685425393,56,1.002796737,93.539518632,ok
54,93.443685425393,37,0.829829063,92.947889032,ok
55,95.220606704035,448,0.491661386,95.236588728,ok
55,95.220606704035,317,0.487657525,95.243319064,ok
55,95.220606704035,224,0.481085729,95.253418304,ok
55,95.220606704035,159,0.469030334,95.269942788,ok
55,95.220606704035,112,0.439410415,95.314663496,ok
55,95.220606704035,79,0.610603793,95.413076461,ok
55,95.220606704035,56,0.670623265,95.356498144,ok
55,95.220606704035,37,0.511478149,95.360248595,ok
56,96.356298690371,448,0.501602197,96.375374467,ok
56,96.356298690371,430,0.501626332,96.376214198,ok
56,96.356298690371,317,0.501659599,96.383921481,ok
56,96.356298690371,301,0.501623272,96.385547354,ok
56,96.356298690371,224,0.500907432,96.397454134,ok
56,96.356298690371,215,0.500699685,96.399576434,ok
56,96.356298690371,159,0.497343709,96.421621927,ok
56,96.356298690371,151,0.496230025,96.427231040,ok
56,96.356298690371,112,0.486244457,96.494080658,ok
56,96.356298690371,108,0.486728823,96.511413448,ok
56,96.356298690371,79,0.800657873,96.434559218,ok
56,96.356298690371,76,0.701348553,96.427470495,ok
56,96.356298690371,56,0.739872563,96.297925687,ok
56,96.356298690371,54,0.664238976,96.324075860,ok
56,96.356298690371,37,0.806971014,96.472093051,ok
57,97.665110120175,448,0.483718918,97.689166455,ok
57,97.665110120175,317,0.475601093,97.699056884,ok
57,97.665110120175,224,0.462350857,97.713772155,ok
57,97.665110120175,159,0.438901280,97.738035524,ok
57,97.665110120175,112,0.385786660,97.806584750,ok
57,97.665110120175,79,0.698223287,97.656029666,patched
57,97.665110120175,56,0.530401045,97.640510924,patched
57,97.665110120175,37,0.623397773,97.594684902,patched
58,98.198032230371,448,0.531105818,98.207157288,ok
58,98.198032230371,317,0.545328232,98.212429514,ok
58,98.198032230371,224,0.567900742,98.221887771,ok
58,98.198032230371,159,0.608088607,98.240880258,ok
58,98.198032230371,112,0.734895669,98.289017861,ok
58,98.198032230371,79,0.515724929,98.112994699,ok
58,98.198032230371,56,0.590930229,98.195411815,ok
58,98.198032230371,37,0.564382079,98.167232492,ok
59,100.935985080970,448,0.486392240,100.947383283,ok
59,100.935985080970,317,0.480359229,100.951820326,ok
59,100.935985080970,224,0.470970941,100.957923503,ok
59,100.935985080970,159,0.454822198,100.966305609,ok
59,100.935985080970,112,0.413359596,100.988338647,ok
59,100.935985080970,79,0.433500279,101.045368762,ok
59,100.935985080970,56,0.402040922,101.094583909,ok
59,100.935985080970,37,0.412692078,101.189011508,ok
60,102.039107553870,448,0.494157984,102.057604571,ok
60,102.039107553870,317,0.490717742,102.065420987,ok
60,102.039107553870,224,0.484081368,102.077165359,ok
60,102.039107553870,159,0.468684808,102.096436009,ok
60,102.039107553870,112,0.416887889,102.158199254,ok
60,102.039107553870,79,0.514070888,102.263842256,ok
60,102.039107553870,56,0.518746930,102.471344620,ok
60,102.039107553870,37,0.413415101,102.837971492,ok
61,103.050247098166,448,0.498291036,103.070992057,ok
61,103.050247098166,317,0.496842287,103.080366284,ok
61,103.050247098166,224,0.493706002,103.095490902,ok
61,103.050247098166,159,0.485704292,103.123998578,ok
61,103.050247098166,112,0.468765354,103.227688284,ok
61,103.050247098166,79,0.676322738,103.240956835,ok
61,103.050247098166,56,1.168899044,103.032449715,ok
61,103.050247098166,37,1.242172065,102.139078541,ok
62,104.265426368321,448,0.502233106,104.286623514,ok
62,104.265426368321,317,0.502587985,104.296308803,ok
62,104.265426368321,224,0.502393480,104.312031184,ok
62,104.265426368321,159,0.500130584,104.342075305,ok
62,104.265426368321,112,0.509504105,104.454635302,ok
62,104.265426368321,79,0.709111567,104.383888516,ok
62,104.265426368321,56,0.619840054,104.111040303,ok
62,104.265426368321,37,0.478276526,104.325524044,ok
63,105.427501287708,448,0.504243564,105.444832963,ok
63,105.427501287708,317,0.505866650,105.452856749,ok
63,105.427501287708,224,0.508294814,105.466017743,ok
63,105.427501287708,159,0.513054129,105.491631306,ok
63,105.427501287708,112,0.565013713,105.581378302,ok
63,105.427501287708,79,0.654081110,105.445470235,ok
63,105.427501287708,56,0.516121811,105.395311153,ok
63,105.427501287708,37,0.612174610,105.551462223,ok
64,106.763444277516,476,0.503839327,106.779700199,ok
64,106.763444277516,448,0.504059328,106.780769538,ok
64,106.763444277516,334,0.505312785,106.787176487,ok
64,106.763444277516,317,0.505573970,106.788578704,ok
64,106.763444277516,238,0.507293081,106.798330896,ok
64,106.763444277516,224,0.507740195,106.800986718,ok
64,106.763444277516,167,0.510831308,106.819196067,ok
64,106.763444277516,159,0.511675835,106.823658842,ok
64,106.763444277516,119,0.533645063,106.873438904,ok
64,106.763444277516,112,0.554770791,106.890391248,ok
64,106.763444277516,84,0.571690826,106.812763968,ok
64,106.763444277516,79,0.609109556,106.820014878,ok
64,106.763444277516,60,0.566153753,106.832298418,ok
64,106.763444277516,56,0.549956387,106.833854121,ok
64,106.763444277516,37,0.701276283,106.829718657,ok
65,108.378725340935,448,0.496519579,108.395165722,ok
65,108.378725340935,317,0.494579828,108.402342841,ok
65,108.378725340935,224,0.491068549,108.413525018,ok
65,108.378725340935,159,0.483731628,108.433618714,ok
65,108.378725340935,112,0.482706295,108.506601661,ok
65,108.378725340935,79,0.568589641,108.504472977,ok
65,108.378725340935,56,0.553261662,108.526021008,ok
65,108.378725340935,37,0.689486180,108.430569121,ok
66,109.603524242231,448,0.499958522,109.621593594,ok
66,109.603524242231,317,0.499472419,109.629653283,ok
66,109.603524242231,224,0.498161985,109.642437145,ok
66,109.603524242231,159,0.494549644,109.666109056,ok
66,109.603524242231,112,0.512229938,109.751047574,ok
66,109.603524242231,79,0.621418230,109.718996939,ok
66,109.603524242231,56,0.658836548,109.747081881,ok
66,109.603524242231,37,0.609089645,109.590803803,ok
67,110.977035782058,448,0.500617149,110.994181359,ok
67,110.977035782058,317,0.500409004,111.001813286,ok
67,110.977035782058,224,0.499428389,111.013890516,ok
67,110.977035782058,159,0.495835178,111.036278487,ok
67,110.977035782058,112,0.511984726,111.120337464,ok
67,110.977035782058,79,0.623965515,111.088851575,ok
67,110.977035782058,56,0.700193926,111.076730943,ok
67,110.977035782058,37,0.612261135,111.048296663,ok
68,112.804420712861,448,0.473902562,112.815293776,ok
68,112.804420712861,317,0.462300062,112.818630446,ok
68,112.804420712861,224,0.443721619,112.822211843,ok
68,112.804420712861,159,0.408285289,112.824982949,ok
68,112.804420712861,112,0.300504917,112.877375981,ok
68,112.804420712861,79,0.334406781,113.021004316,ok
68,112.804420712861,56,0.332518764,113.144471328,ok
68,112.804420712861,37,0.334913255,113.123489101,ok
69,113.396267143105,448,0.510458903,113.427962175,ok
69,113.396267143105,317,0.513160551,113.443362671,ok
69,113.396267143105,224,0.514744928,113.469689370,ok
69,113.396267143105,159,0.509223590,113.525085077,ok
69,113.396267143105,112,0.529263069,113.781164194,ok
69,113.396267143105,79,1.142165125,113.514958508,ok
69,113.396267143105,56,1.135494057,113.035847959,ok
69,113.396267143105,37,1.092579836,113.100354880,ok
70,114.589857621378,448,0.504103458,114.611608979,ok
70,114.589857621378,317,0.505506986,114.622045353,ok
70,114.589857621378,224,0.507470860,114.640071933,ok
70,114.589857621378,159,0.511592949,114.680369544,ok
70,114.589857621378,112,0.667593443,114.886128962,ok
70,114.589857621378,79,0.586648851,114.482973745,ok
70,114.589857621378,56,0.472189355,114.578735811,ok
70,114.589857621378,37,0.483393002,114.593504482,ok
71,115.675510415557,448,0.509853888,115.693497546,ok
71,115.675510415557,317,0.514220296,115.701978124,ok
71,115.675510415557,224,0.521555147,115.716071016,ok
71,115.675510415557,159,0.538820905,115.744631816,ok
71,115.675510415557,112,0.726602446,115.750435154,ok
71,115.675510415557,79,0.545359317,115.672400818,ok
71,115.675510415557,56,0.559585440,115.759924626,ok
71,115.675510415557,37,0.604455330,115.762994069,ok
72,117.171903423055,523,0.504469973,117.185200610,ok
72,117.171903423055,448,0.505189841,117.187546892,ok
72,117.171903423055,366,0.506312862,117.191320880,ok
72,117.171903423055,317,0.507267583,117.194634088,ok
72,117.171903423055,262,0.508800130,117.200131717,ok
72,117.171903423055,224,0.510386509,117.205991427,ok
72,117.171903423055,183,0.513247474,117.216530317,ok
72,117.171903423055,159,0.516655258,117.227603294,ok
72,117.171903423055,131,0.532742411,117.254329405,ok
72,117.171903423055,112,0.593311111,117.257190293,ok
72,117.171903423055,92,0.563082035,117.231037668,ok
72,117.171903423055,79,0.561143049,117.230673152,ok
72,117.171903423055,66,0.577763381,117.238731448,ok
72,117.171903423055,56,0.610938290,117.270528094,ok
72,117.171903423055,37,0.667775524,117.238008944,ok
73,119.253834890075,448,0.482660980,119.266751138,ok
73,119.253834890075,317,0.474721457,119.271613859,ok
73,119.253834890075,224,0.461706291,119.278119265,ok
73,119.253834890075,159,0.435441335,119.287234100,ok
73,119.253834890075,112,0.376638352,119.368884800,ok
73,119.253834890075,79,0.400292402,119.396341065,ok
73,119.253834890075,56,0.380245751,119.520715598,ok
73,119.253834890075,37,0.494690902,119.703130784,ok
74,120.200035385450,448,0.496117412,120.223492589,ok
74,120.200035385450,317,0.492876928,120.233931586,ok
74,120.200035385450,224,0.485245572,120.250725052,ok
74,120.200035385450,159,0.461919884,120.284586960,ok
74,120.200035385450,112,0.451459576,120.483805456,ok
74,120.200035385450,79,0.575733478,120.545041856,ok
74,120.200035385450,56,0.445906843,121.036593412,ok
74,120.200035385450,37,0.382603771,121.296848475,ok
75,121.286240022852,448,0.493344873,121.312010026,ok
75,121.286240022852,317,0.489175765,121.323881698,ok
75,121.286240022852,224,0.480813465,121.343966294,ok
75,121.286240022852,159,0.458902377,121.389170696,ok
75,121.286240022852,112,0.498468610,121.675861673,ok
75,121.286240022852,79,1.014205612,121.502645955,patched
75,121.286240022852,56,nan,nan,dup
75,121.286240022852,37,nan,nan,dup
76,122.148499092480,448,0.516789525,122.168064959,ok
76,122.148499092480,317,0.524217041,122.177953528,ok
76,122.148499092480,224,0.536365033,122.195673395,ok
76,122.148499092480,159,0.563815186,122.238627383,ok
76,122.148499092480,112,0.975822847,122.228098039,ok
76,122.148499092480,79,0.585513263,121.949144309,ok
76,122.148499092480,56,0.462827555,122.173989980,ok
76,122.148499092480,37,0.678854190,122.274652956,ok
77,124.138259395242,448,0.478689822,124.154972482,ok
77,124.138259395242,317,0.468558712,124.161473108,ok
77,124.138259395242,224,0.451312726,124.171039253,ok
77,124.138259395242,159,0.413824286,124.190001567,ok
77,124.138259395242,112,0.393263370,124.361102062,ok
77,124.138259395242,79,0.541606491,124.348775454,ok
77,124.138259395242,56,0.373269960,124.278516361,ok
77,124.138259395242,37,0.399894716,124.581403338,ok
78,124.801568020389,448,0.512900229,124.829978598,ok
78,124.801568020389,317,0.517642299,124.844248750,ok
78,124.801568020389,224,0.524136040,124.869778073,ok
78,124.801568020389,159,0.535976726,124.932217280,ok
78,124.801568020389,112,0.981680716,124.959775925,ok
78,124.801568020389,79,0.713164912,124.688671734,ok
78,124.801568020389,56,0.849010277,125.014245033,ok
78,124.801568020389,37,0.948337964,124.357474807,ok
79,125.951146805688,448,0.511352377,125.968228757,ok
79,125.951146805688,317,0.516464495,125.976453278,ok
79,125.951146805688,224,0.525171482,125.990547461,ok
79,125.951146805688,159,0.548061066,126.021912412,ok
79,125.951146805688,112,0.632077759,125.890531055,ok
79,125.951146805688,79,0.567024087,125.950005708,ok
79,125.951146805688,56,0.664994729,125.874687019,ok
79,125.951146805688,37,0.550292212,125.997556238,ok
80,127.736292005880,570,0.497507538,127.749859282,ok
80,127.736292005880,448,0.496649295,127.753666296,ok
80,127.736292005880,399,0.496112860,127.755894696,ok
80,127.736292005880,317,0.494693235,127.761341863,ok
80,127.736292005880,285,0.493811560,127.764456951,ok
80,127.736292005880,224,0.490931009,127.773627378,ok
80,127.736292005880,200,0.488881794,127.779548147,ok
80,127.736292005880,159,0.482284282,127.799470567,ok
80,127.736292005880,143,0.480061727,127.818746162,ok
80,127.736292005880,112,0.553174076,127.833280276,ok
80,127.736292005880,100,0.525751634,127.841240462,ok
80,127.736292005880,79,0.536234177,127.838496837,ok
80,127.736292005880,72,0.548007608,127.849320150,ok
80,127.736292005880,56,0.612028829,127.826255917,ok
80,127.736292005880,37,0.630141469,127.905572445,ok
81,129.341141261873,448,0.485046392,129.357935370,ok
81,129.341141261873,317,0.477540811,129.364664102,ok
81,129.341141261873,224,0.463943446,129.374470796,ok
81,129.341141261873,159,0.429910459,129.393371432,ok
81,129.341141261873,112,0.457492229,129.525545178,ok
81,129.341141261873,79,0.453421334,129.545223492,ok
81,129.341141261873,56,0.668551724,129.566042752,ok
81,129.341141261873,37,0.959483011,129.437779351,ok
82,130.226074822939,448,0.500496756,130.250330831,ok
82,130.226074822939,317,0.499370576,130.261836922,ok
82,130.226074822939,224,0.495273009,130.281888598,ok
82,130.226074822939,159,0.479188075,130.332840024,ok
82,130.226074822939,112,0.703163606,130.427274908,ok
82,130.226074822939,79,0.769018384,130.439197967,ok
82,130.226074822939,56,0.674425712,130.100189352,ok
82,130.226074822939,37,0.435172040,130.033480274,ok
83,131.668862178255,448,0.482414107,131.693497483,ok
83,131.668862178255,317,0.472785691,131.703955524,ok
83,131.668862178255,224,0.454072685,131.720667796,ok
83,131.668862178255,159,0.402887466,131.760332105,ok
83,131.668862178255,112,0.510193478,132.038881539,ok
83,131.668862178255,79,1.045778163,131.892534625,patched
83,131.668862178255,56,0.566733206,131.784754216,patched
83,131.668862178255,37,0.399468521,131.817628771,patched
84,132.429291655568,448,0.508339313,132.461117602,ok
84,132.429291655568,317,0.510886670,132.477864257,ok
84,132.429291655568,224,0.513473146,132.510282070,ok
84,132.429291655568,159,0.515174324,132.609823828,ok
84,132.429291655568,112,0.994430980,132.195566933,patched
84,132.429291655568,79,0.470863635,132.153421693,ok
84,132.429291655568,56,0.666406304,132.407649790,ok
84,132.429291655568,37,0.892630586,132.492045590,ok
85,133.302911510976,448,0.520924696,133.319012699,ok
85,133.302911510976,317,0.531274754,133.327162309,ok
85,133.302911510976,224,0.550823097,133.341694495,ok
85,133.302911510976,159,0.617449161,133.375288795,ok
85,133.302911510976,112,0.521607933,133.245154185,ok
85,133.302911510976,79,0.504600080,133.280286391,ok
85,133.302911510976,56,0.590292471,133.270087034,ok
85,133.302911510976,37,0.535125692,133.210145809,ok
86,135.156722029647,448,0.499665129,135.174496700,ok
86,135.156722029647,317,0.499114958,135.182558000,ok
86,135.156722029647,224,0.497778108,135.195922850,ok
86,135.156722029647,159,0.496782056,135.227510999,ok
86,135.156722029647,112,0.535158239,135.220934487,ok
86,135.156722029647,79,0.543202264,135.236593888,ok
86,135.156722029647,56,0.589458762,135.254466309,ok
86,135.156722029647,37,0.602276154,135.256010374,ok
87,136.995379746301,448,0.469765897,137.008284105,ok
87,136.995379746301,317,0.456002897,137.011954103,ok
87,136.995379746301,224,0.432979435,137.015407215,ok
87,136.995379746301,159,0.378440920,137.021139861,ok
87,136.995379746301,112,0.369949140,137.099866536,ok
87,136.995379746301,79,0.340538303,137.147592843,ok
87,136.995379746301,56,0.330318355,137.241933117,ok
87,136.995379746301,37,0.311846094,137.311387516,ok
88,137.519301386865,613,0.513817997,137.541135603,ok
88,137.519301386865,448,0.518290291,137.550437825,ok
88,137.519301386865,429,0.518992934,137.552057948,ok
88,137.519301386865,317,0.524440203,137.566805913,ok
88,137.519301386865,307,0.525063651,137.568832211,ok
88,137.519301386865,224,0.531164225,137.597359083,ok
88,137.519301386865,215,0.531864232,137.602877195,ok
88,137.519301386865,159,0.539529219,137.684449970,ok
88,137.519301386865,154,0.543835541,137.702596667,ok
88,137.519301386865,112,0.709568889,137.694144599,ok
88,137.519301386865,108,0.742044721,137.753662644,ok
88,137.519301386865,79,0.888934867,137.698244633,ok
88,137.519301386865,77,0.900815614,137.754138086,ok
88,137.519301386865,56,1.071336560,137.434178519,ok
88,137.519301386865,37,1.091053556,137.221314095,ok
89,139.057029172719,448,0.494652643,139.078925295,ok
89,139.057029172719,317,0.491227205,139.089054192,ok
89,139.057029172719,224,0.483821329,139.106697840,ok
89,139.057029172719,159,0.463562797,139.158824596,ok
89,139.057029172719,112,0.554888434,139.200351504,ok
89,139.057029172719,79,0.666233331,139.164115755,ok
89,139.057029172719,56,0.592071731,139.069724549,ok
89,139.057029172719,37,0.520422484,139.105814132,ok
90,140.258865698567,448,0.496112773,140.282370903,ok
90,140.258865698567,317,0.493113652,140.293512471,ok
90,140.258865698567,224,0.485960106,140.313547435,ok
90,140.258865698567,159,0.465613137,140.377099995,ok
90,140.258865698567,112,0.590439179,140.426946168,ok
90,140.258865698567,79,0.700420707,140.301726024,ok
90,140.258865698567,56,0.597614968,140.303755653,ok
90,140.258865698567,37,0.643104181,140.400175438,ok
91,141.420014990652,448,0.496706168,141.446046474,ok
91,141.420014990652,317,0.493970909,141.458597626,ok
91,141.420014990652,224,0.487424978,141.481672270,ok
91,141.420014990652,159,0.472126317,141.557959286,ok
91,141.420014990652,112,0.638990400,141.591709492,ok
91,141.420014990652,79,0.642647166,141.416664335,ok
91,141.420014990652,56,0.615845280,141.491008212,ok
91,141.420014990652,37,0.736876293,141.406191602,ok
92,142.531248432635,448,0.501735444,142.557567838,ok
92,142.531248432635,317,0.501588827,142.570740239,ok
92,142.531248432635,224,0.500201388,142.595843523,ok
92,142.531248432635,159,0.506379784,142.682635153,ok
92,142.531248432635,112,0.703360858,142.629178080,ok
92,142.531248432635,79,0.594046777,142.528613115,ok
92,142.531248432635,56,0.650231576,142.560248236,ok
92,142.531248432635,37,0.571534556,142.468397095,ok
93,143.584901603926,448,0.507816818,143.608667174,ok
93,143.584901603926,317,0.511260372,143.620553774,ok
93,143.584901603926,224,0.517857856,143.642788835,ok
93,143.584901603926,159,0.559528626,143.710400844,ok
93,143.584901603926,112,0.642009527,143.586650032,ok
93,143.584901603926,79,0.567729993,143.611659991,ok
93,143.584901603926,56,0.601514492,143.589652650,ok
93,143.584901603926,37,0.556654184,143.643460134,ok
94,144.820532539013,448,0.510362135,144.838682660,ok
94,144.820532539013,317,0.514954925,144.847478064,ok
94,144.820532539013,224,0.522959507,144.863103011,ok
94,144.820532539013,159,0.558012151,144.901840041,ok
94,144.820532539013,112,0.596762774,144.843493437,ok
94,144.820532539013,79,0.593511715,144.866768950,ok
94,144.820532539013,56,0.617175195,144.846340385,ok
94,144.820532539013,37,0.667271656,144.861245780,ok
95,146.967847415506,448,0.479560865,146.981160793,ok
95,146.967847415506,317,0.469815580,146.985948407,ok
95,146.967847415506,224,0.452281433,146.991948091,ok
95,146.967847415506,159,0.401041598,147.011385701,ok
95,146.967847415506,112,0.410346735,147.098015952,ok
95,146.967847415506,79,0.397685101,147.141229179,ok
95,146.967847415506,56,0.429234487,147.226345052,ok
95,146.967847415506,37,0.499296083,147.430549865,ok
96,147.998796532598,660,0.489670906,148.016417174,ok
96,147.998796532598,462,0.484011131,148.023779118,ok
96,147.998796532598,448,0.483358116,148.024546879,ok
96,147.998796532598,330,0.474443195,148.033691129,ok
96,147.998796532598,317,0.472810874,148.035137942,ok
96,147.998796532598,231,0.452145634,148.049563144,ok
96,147.998796532598,224,0.448889346,148.051391842,ok
96,147.998796532598,165,0.379469962,148.093513034,ok
96,147.998796532598,159,0.364455932,148.109671780,ok
96,147.998796532598,116,0.380449883,148.266396789,ok
96,147.998796532598,112,0.402076660,148.314383981,ok
96,147.998796532598,83,0.352752283,148.408966117,ok
96,147.998796532598,79,0.365078661,148.441440025,ok
96,147.998796532598,56,0.330959003,148.634057610,ok
96,147.998796532598,37,0.308792495,148.840573361,ok
97,148.780646492736,448,0.499296415,148.815125351,ok
97,148.780646492736,317,0.496602046,148.833330201,ok
97,148.780646492736,224,0.487264488,148.870423048,ok
97,148.780646492736,159,0.456704265,149.022145286,ok
97,148.780646492736,112,1.182171744,149.020405629,patched
97,148.780646492736,79,1.413555352,148.515914585,patched
97,148.780646492736,56,nan,nan,dup
97,148.780646492736,37,nan,nan,dup
98,149.746569640419,448,0.515034180,149.774413895,ok
98,149.746569640419,317,0.521800331,149.789476803,ok
98,149.746569640419,224,0.534267219,149.820836956,ok
98,149.746569640419,159,0.619826850,149.950339251,ok
98,149.746569640419,112,0.586706307,149.578033440,ok
98,149.746569640419,79,0.475925424,149.669876827,ok
98,149.746569640419,56,0.497379795,149.837723510,ok
98,149.746569640419,37,0.731411361,149.941464548,ok
99,151.121020490105,448,0.502501146,151.143054321,ok
99,151.121020490105,317,0.503253142,151.154152553,ok
99,151.121020490105,224,0.504616653,151.175942370,ok
99,151.121020490105,159,0.546334482,151.256558797,ok
99,151.121020490105,112,0.575503019,151.120428859,ok
99,151.121020490105,79,0.525526031,151.150438689,ok
99,151.121020490105,56,0.608266972,151.240688546,ok
99,151.121020490105,37,0.679686009,151.056585902,ok
100,152.414119774019,448,0.498638266,152.439095968,ok
100,152.414119774019,317,0.497298783,152.451159702,ok
100,152.414119774019,224,0.494436038,152.473752142,ok
100,152.414119774019,159,0.519106475,152.554391029,ok
100,152.414119774019,112,0.557782084,152.469772168,ok
100,152.414119774019,79,0.542971499,152.517513961,ok
100,152.414119774019,56,0.678324273,152.511823725,ok
100,152.414119774019,37,0.559270698,152.450732305,ok
101,153.557427765201,448,0.507840831,153.578726853,ok
101,153.557427765201,317,0.510940521,153.589364408,ok
101,153.557427765201,224,0.515904662,153.609635319,ok
101,153.557427765201,159,0.562770917,153.673041425,ok
101,153.557427765201,112,0.580975402,153.607246215,ok
101,153.557427765201,79,0.626416733,153.640171546,ok
101,153.557427765201,56,0.659534569,153.527210186,ok
101,153.557427765201,37,0.657109324,153.603662968,ok
102,155.404984301242,448,0.472602427,155.421907433,ok
102,155.404984301242,317,0.459190373,155.427947842,ok
102,155.404984301242,224,0.434117499,155.436334185,ok
102,155.404984301242,159,0.364023644,155.486764963,ok
102,155.404984301242,112,0.406227775,155.535463636,ok
102,155.404984301242,79,0.381880428,155.623473345,ok
102,155.404984301242,56,0.517144578,155.629710141,ok
102,155.404984301242,37,0.443251673,155.818603637,ok
103,156.054399213862,448,0.514890794,156.086982206,ok
103,156.054399213862,317,0.519559645,156.104381460,ok
103,156.054399213862,224,0.523626823,156.139607878,ok
103,156.054399213862,159,0.570978870,156.282732555,ok
103,156.054399213862,112,0.715589968,156.214895608,ok
103,156.054399213862,79,0.992356748,156.128246874,ok
103,156.054399213862,56,0.765644262,155.937222570,ok
103,156.054399213862,37,0.887466975,155.646354813,ok
104,157.468475587425,702,0.498741801,157.481857980,ok
104,157.468475587425,492,0.497833110,157.487955035,ok
104,157.468475587425,448,0.497469783,157.490052803,ok
104,157.468475587425,351,0.496085673,157.496971028,ok
104,157.468475587425,317,0.495216240,157.500726204,ok
104,157.468475587425,246,0.491512067,157.514136868,ok
104,157.468475587425,224,0.489102714,157.521861695,ok
104,157.468475587425,176,0.481477394,157.568652421,ok
104,157.468475587425,159,0.505446522,157.619994123,ok
104,157.468475587425,123,0.616828385,157.591558701,ok
104,157.468475587425,112,0.600204547,157.580815877,ok
104,157.468475587425,88,0.664991703,157.498113503,ok
104,157.468475587425,79,0.648554980,157.443318943,ok
104,157.468475587425,56,0.593582370,157.504189297,ok
104,157.468475587425,37,0.542079487,157.532567342,ok
105,159.051220835731,448,0.463420380,159.073082816,ok
105,159.051220835731,317,0.444694782,159.079884259,ok
105,159.051220835731,224,0.407757623,159.087703260,ok
105,159.051220835731,159,0.297534536,159.158813995,ok
105,159.051220835731,112,0.334297726,159.261370046,ok
105,159.051220835731,79,0.486846618,159.405908135,ok
105,159.051220835731,56,0.369020389,159.337754374,ok
105,159.051220835731,37,0.282939872,159.380962218,ok
106,159.617059070885,448,0.520627376,159.655745126,ok
106,159.617059070885,317,0.526900087,159.679417281,ok
106,159.617059070885,224,0.530647724,159.734337606,ok
106,159.617059070885,159,0.595133985,160.035488562,ok
106,159.617059070885,112,1.150949938,159.738793971,ok
106,159.617059070885,79,0.755740079,159.259318652,ok
106,159.617059070885,56,0.987206952,159.354225382,ok
106,159.617059070885,37,1.106209962,159.229576937,ok
107,160.755071582812,448,0.500265762,160.788987491,ok
107,160.755071582812,317,0.500079881,160.807009682,ok
107,160.755071582812,224,0.501540061,160.846511730,ok
107,160.755071582812,159,0.714551994,161.080092866,ok
107,160.755071582812,112,0.583757266,160.670981757,ok
107,160.755071582812,79,0.499151737,160.822921764,ok
107,160.755071582812,56,0.474378866,160.791974281,ok
107,160.755071582812,37,0.400086861,160.855631896,ok
108,161.604939574087,448,0.527630962,161.620576308,ok
108,161.604939574087,317,0.541844754,161.628971197,ok
108,161.604939574087,224,0.572232800,161.645089552,ok
108,161.604939574087,159,0.736363600,161.499738503,ok
108,161.604939574087,112,0.556936591,161.565940719,ok
108,161.604939574087,79,0.644000258,161.621465831,ok
108,161.604939574087,56,0.649123014,161.625185036,ok
108,161.604939574087,37,0.747014463,161.643595924,ok
109,163.954925047149,448,0.476685281,163.969531420,ok
109,163.954925047149,317,0.465335716,163.974880774,ok
109,163.954925047149,224,0.443586956,163.982402332,ok
109,163.954925047149,159,0.395752707,164.046159378,ok
109,163.954925047149,112,0.429596848,164.068067451,ok
109,163.954925047149,79,0.393295987,164.132682021,ok
109,163.954925047149,56,0.402788126,164.203379552,ok
109,163.954925047149,37,0.475983604,164.378493864,ok
110,164.789401322036,448,0.501844154,164.819280240,ok
110,164.789401322036,317,0.499957818,164.834033047,ok
110,164.789401322036,224,0.490547256,164.863063186,ok
110,164.789401322036,159,0.520501298,165.004641097,ok
110,164.789401322036,112,0.632883561,164.972918626,ok
110,164.789401322036,79,0.863006291,165.097063892,ok
110,164.789401322036,56,1.068986947,164.811757544,ok
110,164.789401322036,37,0.933806729,164.402852624,ok
111,166.267829802596,448,0.466136556,166.288332917,ok
111,166.267829802596,317,0.448103411,166.295537243,ok
111,166.267829802596,224,0.409642788,166.306326564,ok
111,166.267829802596,159,0.314354308,166.429058946,ok
111,166.267829802596,112,0.400497531,166.510995614,ok
111,166.267829802596,79,0.366226587,166.712784280,ok
111,166.267829802596,56,0.445580715,166.897076408,ok
111,166.267829802596,37,0.384258210,166.293370708,ok
112,166.844330671605,744,0.513678093,166.867163423,ok
112,166.844330671605,521,0.518926862,166.878680936,ok
112,166.844330671605,448,0.521634879,166.885612474,ok
112,166.844330671605,372,0.525378371,166.896847661,ok
112,166.844330671605,317,0.528898942,166.910200744,ok
112,166.844330671605,261,0.533209769,166.934822644,ok
112,166.844330671605,224,0.536091039,166.968303606,ok
112,166.844330671605,186,0.548560420,167.065357062,ok
112,166.844330671605,159,0.758430583,167.280666358,ok
112,166.844330671605,131,1.053196856,167.077323508,ok
112,166.844330671605,112,1.004412984,166.841657625,ok
112,166.844330671605,93,1.187919751,166.658539921,ok
112,166.844330671605,79,1.048964970,166.146748438,ok
112,166.844330671605,56,0.606618936,166.095129221,ok
112,166.844330671605,37,0.806841229,166.974990132,patched
113,168.155086438803,448,0.500355386,168.183042580,ok
113,168.155086438803,317,0.499537899,168.198189067,ok
113,168.155086438803,224,0.497026192,168.233403854,ok
113,168.155086438803,159,0.726647984,168.365552295,ok
113,168.155086438803,112,0.610568837,168.148622509,ok
113,168.155086438803,79,0.480581402,168.181732615,ok
113,168.155086438803,56,0.585317733,168.307517770,ok
113,168.155086438803,37,0.610667227,168.081040447,ok
114,169.228960137501,448,0.508625564,169.254824842,ok
114,169.228960137501,317,0.512394187,169.268746212,ok
114,169.228960137501,224,0.520823639,169.300074703,ok
114,169.228960137501,159,0.715561279,169.278989324,ok
114,169.228960137501,112,0.585272809,169.241056102,ok
114,169.228960137501,79,0.564950591,169.327891163,ok
114,169.228960137501,56,0.711840333,169.243702098,ok
114,169.228960137501,37,0.571338079,169.267339461,ok
115,170.829894022392,448,0.480337014,170.856718162,ok
115,170.829894022392,317,0.469058541,170.868952656,ok
115,170.829894022392,224,0.443948764,170.893480322,ok
115,170.829894022392,159,0.491097601,171.050541881,ok
115,170.829894022392,112,0.509571360,170.976706047,ok
115,170.829894022392,79,0.458343903,171.080160996,ok
115,170.829894022392,56,0.690334813,170.928305465,patched
115,170.829894022392,37,0.785708734,171.084285530,patched
116,171.524109205333,448,0.520135038,171.552324562,ok
116,171.524109205333,317,0.529413109,171.568715415,ok
116,171.524109205333,224,0.548620018,171.607503579,ok
116,171.524109205333,159,0.793866695,171.532511261,ok
116,171.524109205333,112,0.680309770,171.530084524,ok
116,171.524109205333,79,0.868667801,171.475012049,ok
116,171.524109205333,56,0.554898795,171.427301192,ok
116,171.524109205333,37,0.523963764,171.294165070,ok
117,173.006387330568,448,0.501078267,173.029328975,ok
117,173.006387330568,317,0.500858682,173.040857947,ok
117,173.006387330568,224,0.499852126,173.065222053,ok
117,173.006387330568,159,0.585224548,173.079424488,ok
117,173.006387330568,112,0.575358889,173.080965597,ok
117,173.006387330568,79,0.618457876,173.034197402,ok
117,173.006387330568,56,0.581102489,173.085010278,ok
117,173.006387330568,37,0.579119570,173.070824336,ok
118,174.617045945606,448,0.485941513,174.638500019,ok
118,174.617045945606,317,0.477493494,174.647890134,ok
118,174.617045945606,224,0.456542961,174.665334524,ok
118,174.617045945606,159,0.486539852,174.765686566,ok
118,174.617045945606,112,0.505583963,174.785934798,ok
118,174.617045945606,79,0.606244640,174.766993622,ok
118,174.617045945606,56,0.630821393,174.875941859,ok
118,174.617045945606,37,0.746437358,174.850774770,ok
119,175.792239121414,448,0.479662607,175.816411543,ok
119,175.792239121414,317,0.466494682,175.827130331,ok
119,175.792239121414,224,0.431143868,175.848629639,ok
119,175.792239121414,159,0.453474617,176.038207548,ok
119,175.792239121414,112,0.515976888,176.120203821,ok
119,175.792239121414,79,0.756224804,175.854493412,ok
119,175.792239121414,56,0.924662003,175.640117579,ok
119,175.792239121414,37,0.705771754,175.526445190,ok
120,176.640610762733,788,0.497722476,176.663728389,ok
120,176.640610762733,552,0.495668694,176.674405986,ok
120,176.640610762733,448,0.493473435,176.683343292,ok
120,176.640610762733,394,0.491450625,176.690360255,ok
120,176.640610762733,317,0.485851282,176.706451242,ok
120,176.640610762733,276,0.479544662,176.721415353,ok
120,176.640610762733,224,0.459742318,176.761719944,ok
120,176.640610762733,197,0.436978645,176.822793139,ok
120,176.640610762733,159,0.956355488,177.184390756,patched
120,176.640610762733,138,0.630096184,177.321619938,ok
120,176.640610762733,112,1.089108316,176.627507146,patched
120,176.640610762733,99,0.507115544,177.414566467,ok
120,176.640610762733,79,0.559891928,176.577370806,patched
120,176.640610762733,56,0.408489422,176.553105416,patched
120,176.640610762733,37,0.372037745,176.699327129,patched
121,177.550970233199,448,0.516922849,177.582260193,ok
121,177.550970233199,317,0.524757802,177.601984781,ok
121,177.550970233199,224,0.542271199,177.657969369,ok
121,177.550970233199,159,0.697688903,177.230208777,ok
121,177.550970233199,112,0.544534277,177.404464419,ok
121,177.550970233199,79,0.582145095,177.562590262,ok
121,177.550970233199,56,0.548430307,177.646657881,ok
121,177.550970233199,37,0.754344498,177.665994054,ok
122,178.929980419828,448,0.484603652,178.965352083,ok
122,178.929980419828,317,0.475214480,178.983731440,ok
122,178.929980419828,224,0.454261050,179.029063421,ok
122,178.929980419828,159,0.625924655,178.967120232,ok
122,178.929980419828,112,0.525409671,178.958055803,ok
122,178.929980419828,79,0.549788812,179.071745108,ok
122,178.929980419828,56,0.583212142,179.199267027,ok
122,178.929980419828,37,0.621382713,178.900965751,patched
123,179.578976034004,448,0.535180932,179.598667577,ok
123,179.578976034004,317,0.554344992,179.610787584,ok
123,179.578976034004,224,0.604142123,179.639880221,ok
123,179.578976034004,159,0.560823207,179.509087624,ok
123,179.578976034004,112,0.585732973,179.575284751,ok
123,179.578976034004,79,0.672927314,179.502615636,ok
123,179.578976034004,56,0.713880554,179.365267369,ok
123,179.578976034004,37,0.581218625,179.557412838,ok
124,181.687932340373,448,0.486723949,181.707185494,ok
124,181.687932340373,317,0.479244409,181.715824029,ok
124,181.687932340373,224,0.461576918,181.733428503,ok
124,181.687932340373,159,0.491202259,181.769503317,ok
124,181.687932340373,112,0.480733460,181.797589753,ok
124,181.687932340373,79,0.528216038,181.838461933,ok
124,181.687932340373,56,0.571068564,181.837718678,ok
124,181.687932340373,37,0.615654323,181.917229544,ok
125,183.039887399171,448,0.472034980,183.061838989,ok
125,183.039887399171,317,0.455561852,183.069643088,ok
125,183.039887399171,224,0.412839370,183.081987237,ok
125,183.039887399171,159,0.420230683,183.187216495,ok
125,183.039887399171,112,0.376376165,183.251057328,ok
125,183.039887399171,79,0.399229178,183.422368660,ok
125,183.039887399171,56,0.418066462,183.545863158,ok
125,183.039887399171,37,0.296602736,183.698649632,ok
126,183.755510414274,448,0.498601005,183.797718573,ok
126,183.755510414274,317,0.492647344,183.821827411,ok
126,183.755510414274,224,0.466471256,183.884862331,ok
126,183.755510414274,159,0.658235583,183.978775529,ok
126,183.755510414274,112,1.049325737,184.151151296,patched
126,183.755510414274,79,1.136025580,183.452594127,patched
126,183.755510414274,56,nan,nan,dup
126,183.755510414274,37,nan,nan,dup
127,184.662396252807,448,0.517147212,184.692911413,ok
127,184.662396252807,317,0.525381664,184.711824614,ok
127,184.662396252807,224,0.546486166,184.767295686,ok
127,184.662396252807,159,0.672174625,184.670681735,ok
127,184.662396252807,112,0.609533464,184.443319578,ok
127,184.662396252807,79,0.490143517,184.628744660,ok
127,184.662396252807,56,0.524888020,184.700569746,ok
127,184.662396252807,37,0.619120648,184.855260340,ok
128,186.265786932745,831,0.494480412,186.279246062,ok
128,186.265786932745,582,0.491612293,186.285209187,ok
128,186.265786932745,448,0.488264811,186.291515509,ok
128,186.265786932745,416,0.487003123,186.293741858,ok
128,186.265786932745,317,0.480225523,186.304655820,ok
128,186.265786932745,291,0.476904877,186.309549659,ok
128,186.265786932745,224,0.457483856,186.339098648,ok
128,186.265786932745,208,0.449209904,186.361517787,ok
128,186.265786932745,159,0.527497478,186.382260112,ok
128,186.265786932745,146,0.589091536,186.382745529,ok
128,186.265786932745,112,0.617117844,186.339690678,ok
128,186.265786932745,104,0.608228800,186.305516065,ok
128,186.265786932745,79,0.527166343,186.371061099,ok
128,186.265786932745,56,0.589612680,186.431416637,ok
128,186.265786932745,37,0.824558648,186.315072658,ok
129,187.441310178865,448,0.473497306,187.476081922,ok
129,187.441310178865,317,0.455591867,187.492684212,ok
129,187.441310178865,224,0.404943955,187.534085871,ok
129,187.441310178865,159,0.470962279,187.657008739,ok
129,187.441310178865,112,0.702531167,187.503412021,patched
129,187.441310178865,79,0.833848106,187.812495159,patched
129,187.441310178865,56,0.864805719,187.467833853,patched
129,187.441310178865,37,0.506916478,187.284997331,patched
130,188.048576007562,448,0.528353809,188.086324072,ok
130,188.048576007562,317,0.543009824,188.112076955,ok
130,188.048576007562,224,0.584797172,188.194772234,ok
130,188.048576007562,159,0.789445092,188.058509853,ok
130,188.048576007562,112,0.523335069,187.959764202,ok
130,188.048576007562,79,0.501980863,187.766099414,ok
130,188.048576007562,56,0.453144570,187.946031320,ok
130,188.048576007562,37,0.535208162,188.183420723,ok
131,189.286584788613,448,0.512766387,189.311626459,ok
131,189.286584788613,317,0.519655666,189.325722610,ok
131,189.286584788613,224,0.543865346,189.361984906,ok
131,189.286584788613,159,0.591769855,189.314238302,ok
131,189.286584788613,112,0.555727530,189.319570798,ok
131,189.286584788613,79,0.581062551,189.289384313,ok
131,189.286584788613,56,0.576618469,189.329884400,ok
131,189.286584788613,37,0.698773628,189.301744898,ok
132,190.836408498742,448,0.497416098,190.860309148,ok
132,190.836408498742,317,0.495039145,190.872551131,ok
132,190.836408498742,224,0.489630323,190.903427570,ok
132,190.836408498742,159,0.535044182,190.924037417,ok
132,190.836408498742,112,0.539842588,190.930852113,ok
132,190.836408498742,79,0.578936887,190.925653631,ok
132,190.836408498742,56,0.616679177,190.947341139,ok
132,190.836408498742,37,0.636514961,190.864547803,ok
133,192.329556964348,448,0.484025320,192.352510787,ok
133,192.329556964348,317,0.473759909,192.362865049,ok
133,192.329556964348,224,0.443654039,192.387906484,ok
133,192.329556964348,159,0.467444416,192.463779879,ok
133,192.329556964348,112,0.488983620,192.504020809,ok
133,192.329556964348,79,0.581292838,192.534669371,ok
133,192.329556964348,56,0.731251824,192.521254903,ok
133,192.329556964348,37,0.649729443,192.441554521,ok
134,193.425976810479,448,0.485607638,193.455482653,ok
134,193.425976810479,317,0.473976313,193.470041084,ok
134,193.425976810479,224,0.433864626,193.510146838,ok
134,193.425976810479,159,0.488397690,193.640308104,ok
134,193.425976810479,112,0.581010984,193.741211108,ok
134,193.425976810479,79,0.875041206,193.524600020,ok
134,193.425976810479,56,0.723035505,193.268225405,ok
134,193.425976810479,37,0.715005356,193.375681528,ok
135,194.518974544360,448,0.478085228,194.554165109,ok
135,194.518974544360,317,0.460885386,194.572421442,ok
135,194.518974544360,224,0.402422702,194.627037321,ok
135,194.518974544360,159,0.458018883,194.844490371,ok
135,194.518974544360,112,0.460753896,195.091869162,ok
135,194.518974544360,79,0.447086035,195.334195983,ok
135,194.518974544360,56,0.517564412,195.544129966,ok
135,194.518974544360,37,0.527228802,195.509883267,ok
136,195.354611872835,871,0.500064013,195.380432854,ok
136,195.354611872835,610,0.498909721,195.392788253,ok
136,195.354611872835,448,0.496264389,195.409753344,ok
136,195.354611872835,436,0.495889267,195.411690249,ok
136,195.354611872835,317,0.487374810,195.444632977,ok
136,195.354611872835,305,0.485398650,195.450680782,ok
136,195.354611872835,224,0.441968306,195.558338205,ok
136,195.354611872835,218,0.434104629,195.581137226,ok
136,195.354611872835,159,1.284031963,195.498474541,patched
136,195.354611872835,153,0.480959419,195.948159625,ok
136,195.354611872835,112,nan,nan,dup
136,195.354611872835,109,0.478540616,196.043092912,ok
136,195.354611872835,79,nan,nan,dup
136,195.354611872835,56,nan,nan,dup
136,195.354611872835,37,nan,nan,dup
137,196.039200453603,448,0.540495491,196.060331149,ok
137,196.039200453603,317,0.567628399,196.076255668,ok
137,196.039200453603,224,0.682822546,196.139621100,ok
137,196.039200453603,159,0.453622111,195.887219890,ok
137,196.039200453603,112,0.455326853,196.021318859,ok
137,196.039200453603,79,0.587512624,196.087033884,ok
137,196.039200453603,56,0.721633709,195.944057615,ok
137,196.039200453603,37,0.702222512,195.937422927,ok
138,197.792863396353,448,0.494112156,197.819592154,ok
138,197.792863396353,317,0.490153086,197.833847824,ok
138,197.792863396353,224,0.485221120,197.876056179,ok
138,197.792863396353,159,0.554799181,197.857208401,ok
138,197.792863396353,112,0.512823108,197.863016350,ok
138,197.792863396353,79,0.562517118,197.929525994,ok
138,197.792863396353,56,0.606315397,197.883849188,ok
138,197.792863396353,37,0.614899073,197.874587243,ok
139,198.971780750118,448,0.499932164,199.000333625,ok
139,198.971780750118,317,0.498035086,199.016051829,ok
139,198.971780750118,224,0.494984491,199.063938836,ok
139,198.971780750118,159,0.580082523,199.048302636,ok
139,198.971780750118,112,0.559747851,199.076070821,ok
139,198.971780750118,79,0.690850657,199.078285953,ok
139,198.971780750118,56,0.667140366,199.001796560,ok
139,198.971780750118,37,0.672613037,198.986361665,ok
140,200.315973355083,448,0.487491815,200.343419874,ok
140,200.315973355083,317,0.478525615,200.357667325,ok
140,200.315973355083,224,0.452691523,200.403373578,ok
140,200.315973355083,159,0.545494286,200.433650386,ok
140,200.315973355083,112,0.538967998,200.475966974,ok
140,200.315973355083,79,0.697547653,200.388316589,ok
140,200.315973355083,56,0.625984483,200.367729370,ok
140,200.315973355083,37,0.633336712,200.344276610,ok
141,201.343829788952,448,0.499519463,201.377032810,ok
141,201.343829788952,317,0.496121213,201.395883965,ok
141,201.343829788952,224,0.485245409,201.458956220,ok
141,201.343829788952,159,0.612249697,201.449455997,ok
141,201.343829788952,112,0.678169750,201.497434687,ok
141,201.343829788952,79,0.636174299,201.293793742,ok
141,201.343829788952,56,0.638222401,201.354905984,ok
141,201.343829788952,37,0.619180907,201.341001263,ok
142,202.684144417264,448,0.484017500,202.713579193,ok
142,202.684144417264,317,0.471607643,202.729069831,ok
142,202.684144417264,224,0.429544991,202.784844064,ok
142,202.684144417264,159,0.562369255,202.841174578,ok
142,202.684144417264,112,0.713021619,202.921601849,ok
142,202.684144417264,79,0.576196536,202.723791525,ok
142,202.684144417264,56,0.646345180,202.743902666,ok
142,202.684144417264,37,0.638580552,202.752930847,ok
143,203.578909057587,448,0.501943527,203.615325640,ok
143,203.578909057587,317,0.499622798,203.638143467,ok
143,203.578909057587,224,0.495492679,203.726707249,ok
143,203.578909057587,159,0.669180429,203.647370061,ok
143,203.578909057587,112,0.740536611,203.442211642,ok
143,203.578909057587,79,0.587223454,203.619521215,ok
143,203.578909057587,56,0.596457565,203.547223690,ok
143,203.578909057587,37,0.614758567,203.541311367,ok
144,204.859930502788,913,0.496197423,204.876149946,ok
144,204.859930502788,640,0.493947999,204.883453366,ok
144,204.859930502788,457,0.490012801,204.894152797,ok
144,204.859930502788,448,0.489683587,204.894963001,ok
144,204.859930502788,320,0.480527367,204.914473832,ok
144,204.859930502788,317,0.480110174,204.915270711,ok
144,204.859930502788,229,0.452046350,204.982739080,ok
144,204.859930502788,224,0.450791959,204.995820142,ok
144,204.859930502788,160,0.616043529,204.967446762,ok
144,204.859930502788,159,0.605418950,204.973575245,ok
144,204.859930502788,115,0.624099969,204.886847653,ok
144,204.859930502788,112,0.625550687,204.847035706,ok
144,204.859930502788,79,0.635292405,205.003238967,ok
144,204.859930502788,56,0.617163266,204.950775599,ok
144,204.859930502788,37,0.634002651,204.918732386,ok
145,205.962218390611,448,0.478876355,206.003972320,ok
145,205.962218390611,317,0.461186023,206.028786574,ok
145,205.962218390611,224,0.399463410,206.128609804,ok
145,205.962218390611,159,0.679405351,206.104468845,patched
145,205.962218390611,112,0.566365700,205.936207635,patched
145,205.962218390611,79,0.769312324,205.928779835,patched
145,205.962218390611,56,0.689419103,205.950505241,patched
145,205.962218390611,37,0.626988122,205.932156164,patched
146,206.560618751490,448,0.536268214,206.597333196,ok
146,206.560618751490,317,0.560095358,206.624341474,ok
146,206.560618751490,224,0.695819908,206.733958190,ok
146,206.560618751490,159,0.584219542,206.458591755,ok
146,206.560618751490,112,0.531995236,206.581177241,ok
146,206.560618751490,79,0.484836670,206.503058043,ok
146,206.560618751490,56,0.522786478,206.532209801,ok
146,206.560618751490,37,0.551624528,206.572730757,ok
147,207.849393800276,448,0.517495647,207.871533277,ok
147,207.849393800276,317,0.527467142,207.884336968,ok
147,207.849393800276,224,0.577263662,207.912031590,ok
147,207.849393800276,159,0.569760423,207.870238578,ok
147,207.849393800276,112,0.581367935,207.895710205,ok
147,207.849393800276,79,0.585914383,207.879879584,ok
147,207.849393800276,56,0.620356372,207.876589850,ok
147,207.849393800276,37,0.653129429,207.860213138,ok
148,210.045646176894,448,0.467127215,210.056133869,ok
148,210.045646176894,317,0.449448937,210.057820762,ok
148,210.045646176894,224,0.391950156,210.068088412,ok
148,210.045646176894,159,0.389961289,210.125788547,ok
148,210.045646176894,112,0.357629722,210.169235162,ok
148,210.045646176894,79,0.356593483,210.232553955,ok
148,210.045646176894,56,0.361932342,210.330161986,ok
148,210.045646176894,37,0.399394099,210.449130162,ok
149,210.991326157374,448,0.452163894,211.028456038,ok
149,210.991326157374,317,0.418531595,211.036675188,ok
149,210.991326157374,224,0.307095750,211.067540575,ok
149,210.991326157374,159,0.297987128,211.182374277,ok
149,210.991326157374,112,0.246553251,211.262476543,ok
149,210.991326157374,79,0.242899519,211.362952195,ok
149,210.991326157374,56,0.261378915,211.481807612,ok
149,210.991326157374,37,0.333097456,211.579855712,ok
150,211.445137827250,448,0.536087916,211.493605620,ok
150,211.445137827250,317,0.548562674,211.537325394,ok
150,211.445137827250,224,0.587794706,211.739690190,ok
150,211.445137827250,159,0.990785728,211.764929525,ok
150,211.445137827250,112,1.517732586,211.487852269,ok
150,211.445137827250,79,1.454386552,210.998194926,ok
150,211.445137827250,56,1.294033357,210.660735926,ok
150,211.445137827250,37,1.089638675,210.457337724,ok
151,212.919994793045,448,0.480850291,212.961963349,ok
151,212.919994793045,317,0.465120127,212.986257367,ok
151,212.919994793045,224,0.419947533,213.100536819,ok
151,212.919994793045,159,0.714017346,213.168960000,patched
151,212.919994793045,112,0.597602093,212.827145848,patched
151,212.919994793045,79,0.439027965,212.950123514,patched
151,212.919994793045,56,0.388948834,213.133478234,patched
151,212.919994793045,37,0.952425988,213.290817730,ok
152,213.678166237591,953,0.511589050,213.691599515,ok
152,213.678166237591,667,0.516700633,213.698388706,ok
152,213.678166237591,477,0.523957179,213.709087273,ok
152,213.678166237591,448,0.525726634,213.711901635,ok
152,213.678166237591,334,0.537226940,213.732310090,ok
152,213.678166237591,317,0.540223238,213.738200553,ok
152,213.678166237591,239,0.589358315,213.818441152,ok
152,213.678166237591,224,0.651241292,213.862571964,ok
152,213.678166237591,167,0.647385452,213.609229652,ok
152,213.678166237591,159,0.688238127,213.488496782,ok
152,213.678166237591,120,0.529606843,213.576435346,ok
152,213.678166237591,112,0.492446324,213.629877665,ok
152,213.678166237591,79,0.601629724,213.769132571,ok
152,213.678166237591,56,0.894707274,213.688768348,ok
152,213.678166237591,37,0.423332851,213.360349973,patched
153,215.222130364642,448,0.475455728,215.256068453,ok
153,215.222130364642,317,0.459217056,215.275106083,ok
153,215.222130364642,224,0.428798972,215.372178366,ok
153,215.222130364642,159,0.572022251,215.326063483,ok
153,215.222130364642,112,0.460525935,215.295091521,ok
153,215.222130364642,79,0.501162819,215.459205917,ok
153,215.222130364642,56,0.614696623,215.234484548,ok
153,215.222130364642,37,0.447796013,215.307880286,ok
154,215.910533227551,448,0.529395769,215.945577468,ok
154,215.910533227551,317,0.545722311,215.970377819,ok
154,215.910533227551,224,0.665820874,216.053245953,ok
154,215.910533227551,159,0.627811078,215.865753503,ok
154,215.910533227551,112,0.633887834,215.988360378,ok
154,215.910533227551,79,0.817683165,215.805679288,ok
154,215.910533227551,56,0.576410280,215.880829823,ok
154,215.910533227551,37,0.760904967,215.936138502,ok
155,217.558383970614,448,0.488753545,217.584986652,ok
155,217.558383970614,317,0.480399897,217.600166773,ok
155,217.558383970614,224,0.476669059,217.671673648,ok
155,217.558383970614,159,0.537095112,217.639327349,ok
155,217.558383970614,112,0.535427667,217.699842724,ok
155,217.558383970614,79,0.613852611,217.614417128,ok
155,217.558383970614,56,0.587377233,217.682594929,ok
155,217.558383970614,37,0.654562756,217.575196207,ok
156,218.672691448069,448,0.490183147,218.708717079,ok
156,218.672691448069,317,0.480864864,218.729398838,ok
156,218.672691448069,224,0.475746627,218.826623387,ok
156,218.672691448069,159,0.563999679,218.789002659,ok
156,218.672691448069,112,0.640679910,218.887312260,ok
156,218.672691448069,79,0.618134241,218.712793261,ok
156,218.672691448069,56,0.731884952,218.737918876,ok
156,218.672691448069,37,0.578551382,218.698078218,ok
157,219.655441419082,448,0.509231788,219.687365604,ok
157,219.655441419082,317,0.511521337,219.708535842,ok
157,219.655441419082,224,0.560887315,219.800466209,ok
157,219.655441419082,159,0.618962146,219.713358233,ok
157,219.655441419082,112,0.750167691,219.642628883,ok
157,219.655441419082,79,0.609273756,219.657452213,ok
157,219.655441419082,56,0.608594453,219.568281774,ok
157,219.655441419082,37,0.656551984,219.666323985,ok
158,221.417008577358,448,0.452578291,221.428846890,ok
158,221.417008577358,317,0.424258864,221.429204721,ok
158,221.417008577358,224,0.323734037,221.475084791,ok
158,221.417008577358,159,0.373034519,221.550413065,ok
158,221.417008577358,112,0.383677969,221.699551482,ok
158,221.417008577358,79,0.376582622,221.617446834,ok
158,221.417008577358,56,0.455063164,221.577311167,ok
158,221.417008577358,37,0.434759971,221.842129057,ok
159,221.993468186256,448,0.504982817,222.054436962,ok
159,221.993468186256,317,0.493619482,222.095727295,ok
159,221.993468186256,224,0.472735147,222.316749146,ok
159,221.993468186256,159,0.801645921,222.294192297,ok
159,221.993468186256,112,1.045980272,221.718703104,ok
159,221.993468186256,79,1.045810655,221.952197403,ok
159,221.993468186256,56,0.839816445,221.969346009,ok
159,221.993468186256,37,0.827293306,221.549835551,ok
160,223.152296950960,995,0.491828070,223.172755806,ok
160,223.152296950960,697,0.487142104,223.182058946,ok
160,223.152296950960,498,0.479196716,223.195889030,ok
160,223.152296950960,448,0.475339164,223.201995679,ok
160,223.152296950960,349,0.460551503,223.222984077,ok
160,223.152296950960,317,0.450604625,223.235670902,ok
160,223.152296950960,249,0.393993521,223.314272090,ok
160,223.152296950960,224,0.368089499,223.431072192,ok
160,223.152296950960,175,0.524262627,223.598135203,ok
160,223.152296950960,159,0.500639456,223.614838177,ok
160,223.152296950960,125,0.459508680,223.744817987,ok
160,223.152296950960,112,0.527941952,223.814220081,ok
160,223.152296950960,79,0.509742721,223.779434008,ok
160,223.152296950960,56,0.534077066,223.743349315,ok
160,223.152296950960,37,0.665233781,223.638558853,ok
161,223.736469254911,448,0.546040719,223.775209261,ok
161,223.736469254911,317,0.581368484,223.810388932,ok
161,223.736469254911,224,1.005025866,223.971969914,ok
161,223.736469254911,159,0.855653244,223.176282822,ok
161,223.736469254911,112,0.465063039,223.081512048,ok
161,223.736469254911,79,0.527461936,223.034132595,ok
161,223.736469254911,56,0.590415147,223.089000536,ok
161,223.736469254911,37,0.532777048,223.301423524,ok
162,225.084458540573,448,0.513734206,225.112033599,ok
162,225.084458540573,317,0.522918032,225.129695273,ok
162,225.084458540573,224,0.621021032,225.127768261,ok
162,225.084458540573,159,0.561985299,225.105984645,ok
162,225.084458540573,112,0.581861927,225.161220242,ok
162,225.084458540573,79,0.596542599,225.152711279,ok
162,225.084458540573,56,0.616731515,225.137415182,ok
162,225.084458540573,37,0.615286244,225.109756668,ok
163,226.679493853843,448,0.491786823,226.705959409,ok
163,226.679493853843,317,0.485112072,226.721029645,ok
163,226.679493853843,224,0.507399121,226.784694610,ok
163,226.679493853843,159,0.523833003,226.768007514,ok
163,226.679493853843,112,0.545753875,226.820058020,ok
163,226.679493853843,79,0.595804631,226.823809714,ok
163,226.679493853843,56,0.642989747,226.799968585,ok
163,226.679493853843,37,0.665193872,226.775871888,ok
164,228.048902060027,448,0.478484686,228.076170665,ok
164,228.048902060027,317,0.461476334,228.089441767,ok
164,228.048902060027,224,0.431606845,228.183864182,ok
164,228.048902060027,159,0.480426131,228.204601168,ok
164,228.048902060027,112,0.520546382,228.331974927,ok
164,228.048902060027,79,0.787583210,228.343509134,ok
164,228.048902060027,56,0.785159050,228.113902198,ok
164,228.048902060027,37,0.727292687,228.037026105,ok
165,229.061351647886,448,0.482383882,229.098248768,ok
165,229.061351647886,317,0.463213941,229.120110628,ok
165,229.061351647886,224,0.440994610,229.276867536,ok
165,229.061351647886,159,0.565232439,229.318965544,ok
165,229.061351647886,112,0.537352092,229.790922489,ok
165,229.061351647886,79,0.428583615,230.012255291,ok
165,229.061351647886,56,0.436003576,230.173984898,ok
165,229.061351647886,37,0.590030518,230.364237794,patched
166,230.081227900798,448,0.471930789,230.131145558,ok
166,230.081227900798,317,0.443350968,230.161475630,ok
166,230.081227900798,224,0.380486283,230.364972403,ok
166,230.081227900798,159,0.466070659,230.506146201,ok
166,230.081227900798,112,0.423015274,230.705130719,ok
166,230.081227900798,79,0.558833253,230.816290776,ok
166,230.081227900798,56,0.736695929,230.730537676,ok
166,230.081227900798,37,0.663585377,230.458379207,ok
167,230.712120496568,448,0.539127445,230.752539517,ok
167,230.712120496568,317,0.564616123,230.791851608,ok
167,230.712120496568,224,0.961120496,230.942564061,ok
167,230.712120496568,159,1.063952678,230.320997432,ok
167,230.712120496568,112,1.187727657,229.156488446,ok
167,230.712120496568,79,0.738597102,228.770743895,ok
167,230.712120496568,56,0.559657286,228.922487531,ok
167,230.712120496568,37,0.516802199,229.014899573,ok
168,232.305648956792,1036,0.495325219,232.319026188,ok
168,232.305648956792,725,0.492879950,232.325016998,ok
168,232.305648956792,518,0.488984010,232.333648774,ok
168,232.305648956792,448,0.486403728,232.338914434,ok
168,232.305648956792,363,0.480704542,232.349732503,ok
168,232.305648956792,317,0.474556890,232.360914889,ok
168,232.305648956792,259,0.459996410,232.405143801,ok
168,232.305648956792,224,0.554171997,232.479167015,ok
168,232.305648956792,182,0.547794318,232.403999264,ok
168,232.305648956792,159,0.573544340,232.366155878,ok
168,232.305648956792,130,0.540869329,232.343790393,ok
168,232.305648956792,112,0.475176183,232.389143673,ok
168,232.305648956792,79,0.585440757,232.512145516,ok
168,232.305648956792,56,0.651612509,232.372034312,ok
168,232.305648956792,37,0.582657552,232.407895191,ok
169,233.352528479719,448,0.492593369,233.393188148,ok
169,233.352528479719,317,0.482616501,233.422489940,ok
169,233.352528479719,224,0.625402746,233.577170619,ok
169,233.352528479719,159,0.606295176,233.404010354,ok
169,233.352528479719,112,0.550330304,233.533738710,ok
169,233.352528479719,79,0.836543334,233.337372432,ok
169,233.352528479719,56,0.620708769,233.316370087,ok
169,233.352528479719,37,0.719367701,233.335236737,ok
170,234.361103499844,448,0.492955903,234.411195389,ok
170,234.361103499844,317,0.484388362,234.447961629,ok
170,234.361103499844,224,0.781882216,234.567545873,ok
170,234.361103499844,159,0.585846094,234.411318107,ok
170,234.361103499844,112,0.768266163,234.575539976,ok
170,234.361103499844,79,0.537948357,234.269329501,ok
170,234.361103499844,56,0.544412391,234.423747525,ok
170,234.361103499844,37,0.519508470,234.341866100,ok
171,235.106117589420,448,0.537441080,235.131952842,ok
171,235.106117589420,317,0.565109619,235.152709701,ok
171,235.106117589420,224,0.627093238,234.964092555,ok
171,235.106117589420,159,0.590100439,235.084007069,ok
171,235.106117589420,112,0.617304091,234.933071953,ok
171,235.106117589420,79,0.550343738,235.114572657,ok
171,235.106117589420,56,0.653116374,235.070849409,ok
171,235.106117589420,37,0.634574624,235.114157311,ok
172,237.132110244007,448,0.474548225,237.154509572,ok
172,237.132110244007,317,0.456777031,237.164989200,ok
172,237.132110244007,224,0.458867149,237.240023994,ok
172,237.132110244007,159,0.455561945,237.238401151,ok
172,237.132110244007,112,0.513708814,237.293722846,ok
172,237.132110244007,79,0.457279681,237.320692243,ok
172,237.132110244007,56,0.568072668,237.368055792,ok
172,237.132110244007,37,0.701826478,237.429571231,ok
173,238.103421147785,448,0.489588427,238.140471496,ok
173,238.103421147785,317,0.474005877,238.162995142,ok
173,238.103421147785,224,0.528468023,238.289683389,ok
173,238.103421147785,159,0.549718012,238.297471214,ok
173,238.103421147785,112,0.776416935,238.229261030,ok
173,238.103421147785,79,0.976227914,238.349971695,ok
173,238.103421147785,56,0.847539568,237.985319182,ok
173,238.103421147785,37,0.694299130,237.808954246,ok
174,239.348309663569,448,0.451489777,239.376369438,ok
174,239.348309663569,317,0.412889213,239.388245798,ok
174,239.348309663569,224,0.367246811,239.556380142,ok
174,239.348309663569,159,0.383486451,239.591876679,ok
174,239.348309663569,112,0.483921317,239.858197720,ok
174,239.348309663569,79,0.384800817,239.909868096,ok
174,239.348309663569,56,0.593135460,240.045207432,ok
174,239.348309663569,37,0.347672100,239.357672713,patched
175,239.913879889126,448,0.526221470,239.978205625,ok
175,239.913879889126,317,0.530846882,240.036190129,ok
175,239.913879889126,224,0.960402421,240.205903240,ok
175,239.913879889126,159,1.109852934,240.009057712,ok
175,239.913879889126,112,0.735611644,239.301245530,ok
175,239.913879889126,79,0.715596856,239.026764234,ok
175,239.913879889126,56,0.474570756,239.264546119,ok
175,239.913879889126,37,0.858904980,240.073108913,ok
176,241.314917504667,1076,0.490255028,241.331827155,ok
176,241.314917504667,753,0.485104277,241.339328355,ok
176,241.314917504667,538,0.476799349,241.350223665,ok
176,241.314917504667,448,0.469430734,241.359028196,ok
176,241.314917504667,377,0.458574953,241.371000007,ok
176,241.314917504667,317,0.438693039,241.391437570,ok
176,241.314917504667,269,0.397968280,241.444592993,ok
176,241.314917504667,224,0.940812359,241.481058009,patched
176,241.314917504667,189,0.560870674,241.651079182,ok
176,241.314917504667,159,0.764506694,241.287220209,patched
176,241.314917504667,135,0.487068065,241.871934530,ok
176,241.314917504667,112,0.496235970,241.424149563,patched
176,241.314917504667,79,0.412766903,241.443490446,patched
176,241.314917504667,56,0.471512715,241.817836934,ok
176,241.314917504667,37,0.493724650,242.003781489,ok
177,241.886737728898,448,0.540453864,241.934825695,ok
177,241.886737728898,317,0.574812610,241.982576841,ok
177,241.886737728898,224,0.476115641,241.695917928,ok
177,241.886737728898,159,0.478557732,241.789667564,ok
177,241.886737728898,112,0.673344106,241.901008614,ok
177,241.886737728898,79,0.778869987,241.970490055,ok
177,241.886737728898,56,0.775364906,241.354870855,ok
177,241.886737728898,37,0.584171444,241.146519117,ok
178,243.092759404177,448,0.520800371,243.120582702,ok
178,243.092759404177,317,0.536981855,243.140581087,ok
178,243.092759404177,224,0.560248207,243.082302977,ok
178,243.092759404177,159,0.550982636,243.101497862,ok
178,243.092759404177,112,0.612198840,243.104180523,ok
178,243.092759404177,79,0.639258379,243.063667438,ok
178,243.092759404177,56,0.609811109,243.129241940,ok
178,243.092759404177,37,0.704506331,243.105961179,ok
179,245.006212905188,448,0.470020004,245.028227763,ok
179,245.006212905188,317,0.448128623,245.038492245,ok
179,245.006212905188,224,0.462005109,245.097559426,ok
179,245.006212905188,159,0.454793844,245.111055331,ok
179,245.006212905188,112,0.470092942,245.189655361,ok
179,245.006212905188,79,0.547072472,245.220453415,ok
179,245.006212905188,56,0.523915614,245.336969574,ok
179,245.006212905188,37,0.709060008,245.154924177,patched
180,245.859729995763,448,0.491975553,245.902899639,ok
180,245.859729995763,317,0.476323644,245.932967485,ok
180,245.859729995763,224,0.565302536,246.000320772,ok
180,245.859729995763,159,0.592926421,246.029515990,ok
180,245.859729995763,112,0.834638729,246.005266924,ok
180,245.859729995763,79,0.793440834,245.789620371,ok
180,245.859729995763,56,0.898228011,245.598282056,ok
180,245.859729995763,37,0.588536398,245.726649464,ok
181,246.970127342688,448,0.480287245,247.013819572,ok
181,246.970127342688,317,0.457727508,247.045252363,ok
181,246.970127342688,224,0.558322427,247.122449642,ok
181,246.970127342688,159,0.613116152,247.157499082,ok
181,246.970127342688,112,0.679055305,246.900987642,ok
181,246.970127342688,79,0.543301868,246.955037845,ok
181,246.970127342688,56,0.450586371,246.945451568,ok
181,246.970127342688,37,0.552651862,247.060921814,ok
182,247.777040083556,448,0.520529879,247.819306782,ok
182,247.777040083556,317,0.530685704,247.858531259,ok
182,247.777040083556,224,0.653095199,247.812404370,ok
182,247.777040083556,159,0.704890733,247.754864275,ok
182,247.777040083556,112,0.545409265,247.728829176,ok
182,247.777040083556,79,0.600763603,247.802591964,ok
182,247.777040083556,56,0.623553240,247.875445931,ok
182,247.777040083556,37,0.665769982,247.728117833,ok
183,249.446856670065,448,0.459822008,249.471122855,ok
183,249.446856670065,317,0.425529070,249.483908337,ok
183,249.446856670065,224,0.449138782,249.574656984,ok
183,249.446856670065,159,0.480206600,249.633603083,ok
183,249.446856670065,112,0.474999238,249.573558346,ok
183,249.446856670065,79,0.521684577,249.720971687,ok
183,249.446856670065,56,0.459136348,249.922582887,ok
183,249.446856670065,37,0.617128480,249.616195217,ok
