q,label,parity,gamma,abs_Lp,abs_B,abs_a1
3,chi_3#1,1,8.039737155681,1.1671561,0.76744457,0.80498855
3,chi_3#1,1,11.249206207773,1.6406925,1.0416241,1.0864901
3,chi_3#1,1,15.704619176722,2.0007411,1.0966303,1.3089055
3,chi_3#1,1,18.261997495693,1.6183452,0.64874948,1.1130338
3,chi_3#1,1,20.455770807742,2.2080315,1.074464,1.5132952
3,chi_3#1,1,24.059414856493,2.8316089,1.2350929,1.5952792
3,chi_3#1,1,26.577868735775,1.7871172,0.69385574,1.5685727
3,chi_3#1,1,28.218164506233,1.9077733,0.76724064,1.7250166
3,chi_3#1,1,30.745040261382,3.4074925,1.2940977,1.7748275
3,chi_3#1,1,33.897388927259,2.6581453,1.0824423,2.0981234
3,chi_3#1,1,35.608412653939,1.9916989,0.69896759,1.8994169
3,chi_3#1,1,37.551796556365,2.3060042,0.82664568,2.0460678
3,chi_3#1,1,39.485207260929,3.4738251,1.2496469,2.1589378
3,chi_3#1,1,42.616379226158,2.9584649,1.1566401,2.5323851
3,chi_3#1,1,44.120572912072,2.2806493,0.80611211,2.3702682
3,chi_3#1,1,46.274118023513,2.0142491,0.75225795,2.6266888
3,chi_3#1,1,47.514104510117,2.5372933,1.0430367,2.9687048
4,chi_4#1,1,6.020948904698,1.3093182,0.82042249,0.76714929
4,chi_4#1,1,10.243770304167,1.8129231,0.96886414,1.1106834
4,chi_4#1,1,12.988098012312,2.1180933,1.0428751,1.2968346
4,chi_4#1,1,16.342607104587,2.1100692,0.89240402,1.4012627
4,chi_4#1,1,18.291993196124,2.2754312,0.95619112,1.5582404
4,chi_4#1,1,21.450611343983,2.4620454,1.0176015,1.7970888
4,chi_4#1,1,23.278376520460,2.3789189,0.83005415,1.6463034
4,chi_4#1,1,25.728756425089,3.1346687,1.1924444,1.983707
4,chi_4#1,1,28.359634343025,2.1981902,0.81550113,2.1323459
4,chi_4#1,1,29.656384014593,2.3605191,0.94078518,2.3954831
4,chi_4#1,1,32.592186527117,2.9646531,1.0765198,2.3985181
4,chi_4#1,1,34.199957509213,2.5545515,0.80945545,2.1962436
4,chi_4#1,1,36.142880458303,3.3443197,1.0954324,2.3992327
4,chi_4#1,1,38.511923141719,3.2998749,1.0373829,2.4535994
4,chi_4#1,1,40.322674066691,2.5980395,0.81931506,2.5770221
4,chi_4#1,1,41.807084620005,3.248247,1.0856418,2.8317095
4,chi_4#1,1,44.617891058662,2.3974648,0.95647089,3.6073317
4,chi_4#1,1,45.599584396792,2.2131135,0.81094668,3.3861473
4,chi_4#1,1,47.741562280939,3.8462293,1.121846,2.8219465
4,chi_4#1,1,49.723129323783,3.7500127,1.0814507,2.9059266
5,chi_5#2,0,6.648453344728,1.6345008,0.84134387,0.8693086
5,chi_5#2,0,9.831444432887,1.6019591,0.80207992,1.2484891
5,chi_5#2,0,11.958845626084,2.2395433,1.0453657,1.4151992
5,chi_5#2,0,16.033821128384,2.0675685,0.92274996,1.8134788
5,chi_5#2,0,17.566994292326,1.5991475,0.58972742,1.641634
5,chi_5#2,0,19.540732622785,2.49603,0.96194917,1.9082073
5,chi_5#2,0,22.227405454459,3.6734731,1.2960982,1.9870094
5,chi_5#2,0,24.588466217408,3.3090978,1.052332,1.9810921
5,chi_5#2,0,26.776095948004,2.3522492,0.87086318,2.5114806
5,chi_5#2,0,28.461035100178,1.8030103,0.57369486,2.2942498
5,chi_5#2,0,29.707909350481,2.6964792,1.0464822,2.9208457
5,chi_5#2,0,33.000456006871,3.9340204,1.3141728,2.7927105
5,chi_5#2,0,34.728812978905,1.9812701,0.60064478,2.6671609
5,chi_5#2,0,35.868638371812,2.1397163,0.80861473,3.4338617
5,chi_5#2,0,38.129184721437,3.0867058,0.90010633,2.8166553
5,chi_5#2,0,39.560572946403,3.6207318,1.0892732,3.0149351
5,chi_5#2,0,41.842438545792,5.0351158,1.3679952,2.8798068
5,chi_5#2,0,44.031290061442,2.8876924,0.87945901,3.3969905
5,chi_5#2,0,45.427300082782,1.7283438,0.5938974,3.9542559
5,chi_5#2,0,46.492727159491,2.145886,0.67449073,3.7018578
5,chi_5#2,0,48.345661821068,5.1272911,1.3811437,3.2989208
7,chi_7#3,1,4.475738283729,1.2127519,0.69137863,0.91047949
7,chi_7#3,1,6.845491712491,1.9154609,0.87233109,1.1085018
7,chi_7#3,1,11.160184543120,1.8905257,0.78997872,1.6554189
7,chi_7#3,1,12.489603343033,1.6933877,0.71646046,1.8754285
7,chi_7#3,1,15.112882258744,2.4159788,0.84593594,1.8775759
7,chi_7#3,1,16.802876475729,3.0490343,1.0731064,2.0980923
7,chi_7#3,1,19.611878056690,4.0650398,1.3153104,2.2510856
7,chi_7#3,1,21.899913703318,2.0566335,0.76575787,2.8924005
7,chi_7#3,1,23.162971799737,1.6031699,0.55299463,2.8340343
7,chi_7#3,1,24.498847555356,2.7782789,0.94756373,2.9637187
7,chi_7#3,1,27.361477519001,4.754833,1.3580316,2.7717558
7,chi_7#3,1,29.178879666363,3.1883612,0.93852212,3.046335
7,chi_7#3,1,30.721899644548,2.8426249,0.82437679,3.1599489
7,chi_7#3,1,32.475887591542,2.8958972,0.88339496,3.513602
7,chi_7#3,1,34.111240783037,2.7005553,0.75486461,3.3816484
7,chi_7#3,1,35.311847458978,3.9871493,1.2140335,3.8132954
7,chi_7#3,1,38.364637336031,3.3982348,1.091416,4.3699173
7,chi_7#3,1,39.482578746662,1.9829809,0.54844539,3.8727859
7,chi_7#3,1,40.710328651654,2.2981883,0.77192598,4.849486
7,chi_7#3,1,42.304857587643,3.5116313,0.84794721,3.6228368
7,chi_7#3,1,43.931854287427,5.2359623,1.342977,3.9962074
7,chi_7#3,1,46.194327427406,4.1012775,1.116501,4.4598716
7,chi_7#3,1,47.298585340277,3.614723,0.99111402,4.5992743
7,chi_7#3,1,49.235894262416,3.7044163,0.93675217,4.4154752
8,chi_8#1,0,4.899973997007,1.7220094,0.83143614,0.96382181
8,chi_8#1,0,7.628428841769,2.3526722,0.98102338,1.2919454
8,chi_8#1,0,10.806588163862,2.139174,0.85059695,1.7433754
8,chi_8#1,0,12.310542994237,2.3058298,0.90370695,1.9570222
8,chi_8#1,0,15.195754250645,3.0714152,1.0348957,2.0762303
8,chi_8#1,0,17.022285974308,2.6214845,0.85951795,2.2629401
8,chi_8#1,0,18.805958907707,3.2373502,1.0447659,2.4605855
8,chi_8#1,0,21.131645962221,3.6125021,1.0963615,2.5999248
8,chi_8#1,0,23.083849996201,2.3807923,0.7695182,3.0245984
8,chi_8#1,0,24.201963557816,2.8065348,0.93708113,3.2757464
8,chi_8#1,0,26.958535180380,3.0708555,0.97923304,3.4846399
8,chi_8#1,0,28.097444960631,2.6471739,0.79126554,3.404361
8,chi_8#1,0,29.930764210152,3.6844109,1.01977,3.3579391
8,chi_8#1,0,31.638139491321,4.3368659,1.1357871,3.3585078
8,chi_8#1,0,33.845630895158,2.5693371,0.84156906,4.4934396
8,chi_8#1,0,34.745777006170,2.4299495,0.7651404,4.4345659
8,chi_8#1,0,36.541663851775,4.716138,1.1913551,3.7414843
8,chi_8#1,0,38.775577773870,3.1427936,0.9640679,4.8211027
8,chi_8#1,0,39.786880997667,2.6709349,0.75900391,4.5826337
8,chi_8#1,0,41.342206164422,4.1583587,1.0851955,4.3729215
8,chi_8#1,0,43.227484864148,4.5530973,1.060295,4.0800834
8,chi_8#1,0,44.731727516846,4.0547788,1.0411753,4.6554295
8,chi_8#1,0,46.539401827178,2.0154198,0.75388118,7.0557548
8,chi_8#1,0,47.133310109318,2.2747504,0.90408623,7.5925686
8,chi_8#1,0,49.729032993755,3.9289121,1.0712242,5.4954124
11,chi_11#5,1,2.477243711229,1.4129187,0.72475901,0.72240192
11,chi_11#5,1,6.800708408387,2.476188,0.93776233,1.4391196
11,chi_11#5,1,8.971284368499,1.422486,0.61918123,2.1795197
11,chi_11#5,1,10.108337357393,1.7954241,0.70348909,2.2098542
11,chi_11#5,1,13.040115328817,4.2207581,1.2736452,2.1944282
11,chi_11#5,1,15.109158246690,3.5966908,1.1045302,2.5871129
11,chi_11#5,1,16.990710701030,3.0250594,0.92542657,2.8978141
11,chi_11#5,1,18.797246536163,2.2852426,0.70499068,3.2326734
11,chi_11#5,1,20.067593328646,2.4432779,0.78339581,3.5867521
11,chi_11#5,1,21.638177818277,4.7858857,1.2933941,3.2596284
11,chi_11#5,1,24.672836861096,2.9971599,0.93970575,4.311746
11,chi_11#5,1,25.685962435417,1.7575773,0.58536732,4.768207
11,chi_11#5,1,26.786895684122,2.4110853,0.74811334,4.632504
11,chi_11#5,1,28.832343001278,3.3606848,0.93960644,4.4928961
11,chi_11#5,1,29.974691172541,3.9452602,1.0167368,4.305375
11,chi_11#5,1,32.109917240815,5.2799618,1.2747509,4.3206524
11,chi_11#5,1,33.522802645333,4.8378449,1.1341436,4.379935
11,chi_11#5,1,35.485085187617,3.1278156,0.79023325,4.9965019
11,chi_11#5,1,36.653476294470,1.9540141,0.64738081,6.7678487
11,chi_11#5,1,37.667962770380,2.2818313,0.64393248,5.9242057
11,chi_11#5,1,38.954261384329,5.0037248,1.2180311,5.2846794
11,chi_11#5,1,41.493156447230,5.5488573,1.3118996,5.467238
11,chi_11#5,1,42.639415076307,3.789197,0.90422597,5.6706629
11,chi_11#5,1,44.228662287554,2.42969,0.74913043,7.599781
11,chi_11#5,1,45.034430415449,2.5839716,0.72685566,7.0598393
11,chi_11#5,1,46.799823032880,4.4219567,1.0232615,6.0353728
11,chi_11#5,1,48.357696260023,2.5656008,0.81820859,8.5946207
11,chi_11#5,1,48.968488109364,3.1531181,1.0604726,9.1782836
12,chi_12#3,0,3.804627633051,1.9390494,0.86241335,1.0375489
12,chi_12#3,0,6.692223320500,2.5284557,0.94717664,1.528292
12,chi_12#3,0,8.890592958727,2.8475031,0.9928221,1.8874488
12,chi_12#3,0,11.188392745075,2.9750033,0.99315597,2.2729111
12,chi_12#3,0,12.966178808029,3.2139515,1.0154034,2.4922149
12,chi_12#3,0,15.181480875888,3.1294982,0.95869165,2.8288199
12,chi_12#3,0,16.632633274524,3.3163467,0.96504305,2.9437127
12,chi_12#3,0,18.884369457121,3.1652584,0.94089989,3.4138184
12,chi_12#3,0,20.103928191246,3.2442865,0.93841374,3.536241
12,chi_12#3,0,22.285839107227,3.5418134,0.95871913,3.6682209
12,chi_12#3,0,23.561319713138,3.4335206,0.95857953,3.9997918
12,chi_12#3,0,25.411633892393,4.1137129,1.0436988,3.92021
12,chi_12#3,0,27.013943985851,3.7077875,0.94816575,4.2003289
12,chi_12#3,0,28.442203257746,3.9993443,1.0187681,4.4052278
12,chi_12#3,0,30.204006556439,4.1327692,1.0141573,4.5065037
12,chi_12#3,0,31.648077614941,3.7499016,0.93696517,4.807913
12,chi_12#3,0,33.037132879507,4.423276,1.0634011,4.8289938
12,chi_12#3,0,35.027378485013,2.8655608,0.86592972,6.4354127
12,chi_12#3,0,35.778044576524,2.9577076,0.90030568,6.6213306
12,chi_12#3,0,37.926816821375,3.9681947,1.0044661,5.8368422
12,chi_12#3,0,38.973998822275,3.5321861,0.88211537,5.9175784
12,chi_12#3,0,40.484154750804,4.8453522,1.0885061,5.5293645
12,chi_12#3,0,42.235143017915,3.6750262,0.93845558,6.5570604
12,chi_12#3,0,43.192847102617,3.7013435,0.93164093,6.6096978
12,chi_12#3,0,44.948822502159,4.7190572,1.0586986,6.1307528
12,chi_12#3,0,46.243369979044,4.2568067,0.95674437,6.3188544
12,chi_12#3,0,47.646400500978,4.3375099,0.98388544,6.5706686
12,chi_12#3,0,48.943728011812,4.8856711,1.0468189,6.375563
15,chi_15#6,1,3.057018209809,1.6447193,0.75637162,1.0825192
15,chi_15#6,1,5.343192093680,1.9022366,0.76361724,1.637068
15,chi_15#6,1,7.267630598267,3.053673,1.0220165,1.8527426
15,chi_15#6,1,10.133748155228,4.1552064,1.2273267,2.2773363
15,chi_15#6,1,12.159698533811,2.5216571,0.81819672,3.0007021
15,chi_15#6,1,13.489384573155,2.2908226,0.71969611,3.2226229
15,chi_15#6,1,15.240408529039,2.847751,0.84108891,3.4224067
15,chi_15#6,1,16.633558416186,4.1758515,1.1329153,3.4307984
15,chi_15#6,1,19.103497185255,5.1584361,1.28302,3.6119229
15,chi_15#6,1,20.662363051410,3.4715767,0.92946276,4.205076
15,chi_15#6,1,22.176397688214,2.5758056,0.72310656,4.7320802
15,chi_15#6,1,23.367999238675,2.6942903,0.74840427,4.9337178
15,chi_15#6,1,24.903501169043,3.8141098,0.9593404,4.7608991
15,chi_15#6,1,26.319766015197,5.7843511,1.3105578,4.53235
15,chi_15#6,1,28.657013748331,4.4753325,1.121044,5.455768
15,chi_15#6,1,29.692277519836,3.3934729,0.86248992,5.7355654
15,chi_15#6,1,31.364706239943,2.6831932,0.71420237,6.3449362
15,chi_15#6,1,32.323380081813,2.6042967,0.7282387,6.8693166
15,chi_15#6,1,33.781179198870,3.9575087,0.90610307,5.8781358
15,chi_15#6,1,35.097055689238,5.8183713,1.2632096,5.7909557
15,chi_15#6,1,36.995846697917,7.2307008,1.4368861,5.5872243
15,chi_15#6,1,38.757341359970,2.8044834,0.8328393,8.7470171
15,chi_15#6,1,39.440897943976,2.5260137,0.76594826,9.0888084
15,chi_15#6,1,41.228231576987,2.5816172,0.73215882,8.8859039
15,chi_15#6,1,41.997402574901,2.5923201,0.72507312,8.9270489
15,chi_15#6,1,43.426529612213,5.2276381,1.0934042,6.902726
15,chi_15#6,1,44.925232499952,7.5815152,1.4248804,6.4165437
15,chi_15#6,1,46.724256067910,6.121957,1.2255629,7.1084371
15,chi_15#6,1,48.003149401478,3.6553842,0.85032717,8.4860939
15,chi_15#6,1,49.079970412842,3.0966199,0.74447616,8.9670839
17,chi_17#8,0,3.728142085042,1.7940418,0.75070649,1.355565
17,chi_17#8,0,5.635590758209,1.7809384,0.70006259,1.9153547
17,chi_17#8,0,7.282832859534,3.1057904,1.0102738,2.0450673
17,chi_17#8,0,10.617320092650,3.314763,0.97493949,2.6924045
17,chi_17#8,0,11.977672992415,2.0230156,0.7262016,3.7061899
17,chi_17#8,0,13.209807299510,2.6009156,0.76994271,3.3702234
17,chi_17#8,0,15.643514532468,1.9366152,0.75567917,5.2598013
17,chi_17#8,0,16.268483207678,2.1031625,0.82720673,5.513311
17,chi_17#8,0,18.681633236191,6.009068,1.4008778,3.7521713
17,chi_17#8,0,20.427537992125,4.6736446,1.1398755,4.2920721
17,chi_17#8,0,22.200028093892,2.1930803,0.67669215,5.900916
17,chi_17#8,0,23.152055047695,1.572987,0.54384689,6.8954323
17,chi_17#8,0,24.080673662839,2.646575,0.7782558,6.0998559
17,chi_17#8,0,26.107272098739,7.2907397,1.4828606,4.5739249
17,chi_17#8,0,28.137508385509,4.634198,1.1150606,5.8317282
17,chi_17#8,0,29.196742262702,3.5545282,0.89528347,6.3342595
17,chi_17#8,0,30.668883031683,3.7000478,0.84441163,6.0286728
17,chi_17#8,0,32.004788702645,3.4818818,0.84605163,6.6983831
17,chi_17#8,0,33.335446146593,3.5065127,0.82717149,6.7732084
17,chi_17#8,0,34.649603957105,3.4669797,0.86365977,7.4345393
17,chi_17#8,0,35.593218476526,5.3851709,1.2495661,7.113593
17,chi_17#8,0,38.276071254103,4.1916178,1.0317647,8.1148887
17,chi_17#8,0,39.168235276432,2.0828802,0.62791064,10.170028
17,chi_17#8,0,40.023602018065,2.4004214,0.68588435,9.8499187
17,chi_17#8,0,41.547804857729,3.156129,0.78274225,8.8748852
17,chi_17#8,0,42.476476050128,3.9311846,0.90802364,8.4502871
17,chi_17#8,0,44.090557498715,7.2534163,1.3635346,7.1386525
17,chi_17#8,0,45.685541523545,6.5539868,1.2580349,7.552854
17,chi_17#8,0,47.030127475315,4.3774997,0.9766062,9.0367701
17,chi_17#8,0,47.995215845559,4.6020843,0.9904054,8.8960892
17,chi_17#8,0,49.855016804802,2.9519199,0.7405532,10.77213
23,chi_23#11,1,2.871339848930,1.5087686,0.69021546,1.5535721
23,chi_23#11,1,4.215189804230,1.7162071,0.65576225,1.8898442
23,chi_23#11,1,6.731189150720,3.1513018,0.9892602,2.4689101
23,chi_23#11,1,8.334849030124,3.9800973,1.1276312,2.7564445
23,chi_23#11,1,10.633871230219,4.9479584,1.2457674,3.1230573
23,chi_23#11,1,12.581696786970,2.5573522,0.77279019,4.4335441
23,chi_23#11,1,13.604131724739,2.2190609,0.66734161,4.7702489
23,chi_23#11,1,15.385560733599,1.6904216,0.68599559,7.2789196
23,chi_23#11,1,15.938101367348,2.1600486,0.80810155,6.9510546
23,chi_23#11,1,18.985931202696,4.6019996,1.1289268,5.4287488
23,chi_23#11,1,19.987766847887,2.9109139,0.83297965,6.6665822
23,chi_23#11,1,21.203602256396,3.4673326,0.82569297,5.8850687
23,chi_23#11,1,22.874076023463,3.3641792,0.82299829,6.5217657
23,chi_23#11,1,23.946447295268,3.3567572,0.82631624,6.8700546
23,chi_23#11,1,25.462561010482,3.9390656,0.93461845,7.0408491
23,chi_23#11,1,26.486391237837,5.3332596,1.1910691,6.893543
23,chi_23#11,1,28.502865498702,7.8329723,1.4564867,6.1763708
23,chi_23#11,1,30.101719258358,3.8329741,0.88235456,8.0752607
23,chi_23#11,1,31.254693951230,1.7088436,0.55973983,11.93034
23,chi_23#11,1,31.918338693737,1.7935452,0.6012849,12.469804
23,chi_23#11,1,33.151307942492,4.445433,0.91781227,7.9760513
23,chi_23#11,1,34.870172459569,6.7298163,1.2743119,7.6943045
23,chi_23#11,1,36.075735833692,7.3040577,1.3633229,7.846745
23,chi_23#11,1,37.967917830331,3.8101101,0.96052713,11.153846
23,chi_23#11,1,38.687242403299,2.9740283,0.79705485,12.082178
23,chi_23#11,1,39.869227567430,4.734084,0.9373863,9.1992561
23,chi_23#11,1,41.665644165037,2.7234067,0.73208924,13.051456
23,chi_23#11,1,42.374769202373,1.9464032,0.61126838,15.50725
23,chi_23#11,1,43.213308978254,3.3255606,0.8307936,12.579778
23,chi_23#11,1,44.618759105360,9.3761196,1.5385594,8.5316687
23,chi_23#11,1,46.798746853838,5.8337511,1.1841556,11.069245
23,chi_23#11,1,47.669674648309,3.298723,0.78838903,13.275745
23,chi_23#11,1,48.699295876452,3.0621802,0.70472994,13.059773
23,chi_23#11,1,49.804569311760,3.1165254,0.71836206,13.377097
31,chi_31#15,1,2.034982423953,2.440343,0.93672365,1.2632284
31,chi_31#15,1,4.789684701946,1.547831,0.63169676,3.08658
31,chi_31#15,1,5.686446021059,1.5242392,0.5988943,3.5224296
31,chi_31#15,1,7.335910573290,4.2648634,1.1061913,2.9951428
31,chi_31#15,1,10.183850490584,4.482665,1.1295217,4.0348283
31,chi_31#15,1,11.392583830367,2.9114779,0.82499924,5.0747202
31,chi_31#15,1,12.771420503356,2.8199,0.75600019,5.3813586
31,chi_31#15,1,14.058855197796,3.3616312,0.82761821,5.4392167
31,chi_31#15,1,15.603017526824,4.3462859,0.98283934,5.5440566
31,chi_31#15,1,17.095149961668,4.2830533,1.041827,6.5333011
31,chi_31#15,1,18.168724830607,5.7957839,1.2547661,6.1797566
31,chi_31#15,1,20.499185012491,4.8689889,1.0442883,6.9068387
31,chi_31#15,1,21.607039191237,2.273278,0.68418023,10.215542
31,chi_31#15,1,22.420701855598,2.3701596,0.634854,9.4337722
31,chi_31#15,1,24.011330598376,2.2905194,0.70285269,11.573711
31,chi_31#15,1,24.599959784101,2.8218883,0.84985305,11.63751
31,chi_31#15,1,26.460153527449,9.4673992,1.5875051,6.9692536
31,chi_31#15,1,28.337435603689,4.8913995,1.0765934,9.7966745
31,chi_31#15,1,29.234774706457,3.1146324,0.79384989,11.703798
31,chi_31#15,1,30.220239029618,3.8093243,0.84558562,10.536562
31,chi_31#15,1,31.639349298059,5.1262982,0.96074236,9.313583
31,chi_31#15,1,33.214743841935,2.0661775,0.70074331,17.693078
31,chi_31#15,1,33.727639080651,1.860181,0.67417407,19.19917
31,chi_31#15,1,34.735251418267,5.2023019,1.0487449,10.998203
31,chi_31#15,1,36.676850001473,9.6936705,1.5633692,9.2904687
31,chi_31#15,1,37.928502990325,7.2630087,1.2440794,10.203917
31,chi_31#15,1,39.493957722978,2.3993798,0.69738631,18.029008
31,chi_31#15,1,40.052062679944,1.8955688,0.59542225,19.75951
31,chi_31#15,1,41.227559253928,2.3601219,0.64443445,17.680552
31,chi_31#15,1,41.889452486442,3.4709871,0.82014214,15.545464
31,chi_31#15,1,43.843409069436,5.7641917,1.1743747,14.029196
31,chi_31#15,1,44.558104540630,5.7527331,1.1826257,14.386631
31,chi_31#15,1,46.264790323929,6.040538,1.1479643,13.808951
31,chi_31#15,1,47.090444055410,5.2854751,1.0505058,14.699536
31,chi_31#15,1,48.472110399445,5.6205413,0.9767685,13.230019
31,chi_31#15,1,49.699361310619,3.0420428,0.7250542,18.604153
43,chi_43#21,1,0.836400774361,1.3154528,0.63964491,1.0322028
43,chi_43#21,1,3.695326872143,4.7077097,1.2945082,2.233707
43,chi_43#21,1,6.130223479793,3.2945108,0.94510724,3.8436601
43,chi_43#21,1,7.204421761711,2.8759455,0.83187451,4.5504927
43,chi_43#21,1,8.926634047300,3.6148718,0.87303521,4.7037638
43,chi_43#21,1,10.445975003154,2.9096057,0.76987849,6.0279922
43,chi_43#21,1,11.566013807201,2.8305423,0.81111238,7.226687
43,chi_43#21,1,12.606143870467,5.1978447,1.1554813,6.1094477
43,chi_43#21,1,15.249502290925,5.2525062,1.1173577,7.0705525
43,chi_43#21,1,16.303739401885,2.3468638,0.71722156,10.859143
43,chi_43#21,1,17.087379666979,2.5099088,0.66955178,9.934048
43,chi_43#21,1,18.748620505562,2.3868037,0.70097619,11.999109
43,chi_43#21,1,19.358878795254,2.689737,0.78799622,12.358849
43,chi_43#21,1,20.963891992327,7.4519184,1.2955136,7.9415998
43,chi_43#21,1,22.642963123684,5.8021695,1.1850959,10.077224
43,chi_43#21,1,23.558784536455,5.2604143,1.0944455,10.679811
43,chi_43#21,1,24.989221451954,6.2350709,1.1090925,9.6851138
43,chi_43#21,1,26.323411789686,4.7372835,0.89907386,10.884919
43,chi_43#21,1,27.657490092465,1.6634595,0.62483857,22.634872
43,chi_43#21,1,28.093355831715,1.6720076,0.61156114,22.387868
43,chi_43#21,1,29.464776898065,4.2384318,0.89196737,13.509776
43,chi_43#21,1,30.357862018896,6.7715263,1.2388185,12.100126
43,chi_43#21,1,32.310106829599,9.9454807,1.5316933,10.841145
43,chi_43#21,1,33.492779723754,5.9712068,1.0648084,13.012107
43,chi_43#21,1,34.830928401700,1.8427565,0.63418933,26.115568
43,chi_43#21,1,35.301737865396,1.5522771,0.59545869,29.502631
43,chi_43#21,1,36.165017969898,3.8773319,0.7922092,16.098144
43,chi_43#21,1,38.115677624174,3.605415,0.88956641,20.488154
43,chi_43#21,1,38.684862481356,2.9344563,0.81605676,23.437364
43,chi_43#21,1,39.657640989292,5.9191852,1.0774956,15.727282
43,chi_43#21,1,41.095279170932,10.427266,1.4884583,12.779945
43,chi_43#21,1,42.617589922090,5.9638704,1.1425049,17.786372
43,chi_43#21,1,43.353058599592,5.0686393,0.97466862,18.161551
43,chi_43#21,1,44.936724765176,2.3408755,0.65913741,27.565422
43,chi_43#21,1,45.422713916534,1.9094543,0.60258384,31.228154
43,chi_43#21,1,46.473152409121,3.1053869,0.66922949,21.818522
43,chi_43#21,1,47.336962183737,4.4905367,0.89395498,20.529611
43,chi_43#21,1,48.415638749682,9.9394667,1.4255521,15.127513
